"Y","A","V1","V2","V3","V4","V5","V6","V7","V8","V9","V10","V11","V12","V13","V14","V15","V16","V17","V18","V19","V20","V21","V22"
0,0,310000,1,1,28,0,0,0,0,0,0,272588,169978,156699,131276,118837,119402,9978,6699,11276,9695,19402,6270
0,0,460000,1,1,31,0,0,2,0,0,0,4533,9023,8317,12338,12744,12397,5002,1,5002,1001,3,733
0,1,60000,0,1,30,0,0,0,0,0,0,24396,25463,27036,27074,25911,26431,1463,2036,937,1911,951,2056
1,0,100000,1,3,67,2,2,2,2,2,2,16918,20511,19944,22915,23472,23016,4145,0,3260,1000,0,2286
0,0,150000,1,1,34,1,-1,-1,-1,-1,-1,0,347,-13,4085,4006,826,347,0,4098,4006,826,3146
0,0,240000,1,1,37,-2,-2,-2,-2,-2,-2,4081,7608,154353,9617,11360,3842,7644,155142,9661,11489,3870,3539
0,0,150000,0,1,37,0,0,-1,-1,-1,-2,26416,18915,16047,17633,0,0,2497,16047,18776,0,0,0
0,0,220000,0,2,41,1,2,-1,-1,-1,-1,6516,194,3619,7069,4092,0,0,3655,7069,4092,0,0
1,1,30000,0,2,39,0,-1,-1,2,0,0,22215,18243,29013,28256,28979,31369,18243,11500,0,1177,3000,0
0,0,200000,0,1,30,-2,-2,-2,-2,-2,-2,4833,6370,2342,810,9743,1000,6370,2342,810,10253,1000,7079
0,0,360000,0,2,39,1,-1,-1,-1,-1,-1,0,791,173,1640,287,2418,791,173,1640,287,2426,507
0,0,20000,0,2,26,0,0,0,0,0,0,25451,24025,21148,17767,2692,-956,3000,1500,1035,54,24056,21000
0,0,200000,0,1,35,-1,-1,2,-1,-1,-1,316,734,418,424,424,424,734,0,424,424,424,608
0,0,30000,1,2,36,-1,2,-1,-1,-1,-1,1226,390,390,390,390,0,0,390,390,390,0,780
0,0,490000,0,2,30,0,0,0,0,0,0,195330,200768,206026,203938,198453,200496,8683,10021,8017,16270,6599,6024
0,0,410000,1,2,46,-1,-1,-1,-1,-1,-1,5135,2916,13379,5165,5034,3089,2916,13379,5180,5851,3089,6271
0,1,300000,0,2,27,0,0,0,0,0,0,286321,283547,578971,293063,296677,230338,20000,12003,10524,11238,8814,9463
0,0,320000,1,2,35,0,0,0,0,0,0,274599,280021,286011,292636,298492,200098,11500,12000,12873,13020,8800,5650
0,0,240000,1,1,33,0,0,0,0,0,0,167835,170978,172217,163786,81611,79817,7200,8400,7000,3000,2900,3100
0,0,320000,0,2,55,-2,-2,-2,-2,-2,-2,11973,4076,7879,5436,51529,18088,4093,7917,5459,51787,18178,3659
1,1,230000,0,1,26,2,-1,-1,-1,-1,0,363,363,363,372,1971,2566,363,363,372,1971,1000,865
1,0,70000,1,2,48,0,0,0,0,0,-1,50927,39883,32017,17630,9730,6400,2100,1217,500,0,6400,4590
1,1,90000,0,1,26,1,2,2,-1,-1,2,23812,15616,11988,32658,30885,26639,0,1525,35011,3000,0,2000
1,1,140000,1,2,28,1,3,4,3,2,0,82265,86127,84107,82362,74000,60977,5747,0,0,0,2600,2800
0,0,310000,1,1,43,-2,-2,-2,-2,-2,-2,0,0,0,0,0,0,0,0,0,0,0,0
0,0,200000,0,3,50,0,0,0,0,0,0,8413,8611,15818,21813,20890,29890,5000,8000,10000,10000,10000,4686
0,0,50000,1,2,36,0,0,0,0,0,0,43900,42499,17494,18178,18541,18929,2268,1604,1288,651,674,734
0,0,200000,1,1,31,-2,-2,-2,-2,-1,0,15321,1199,933,21227,55272,58587,5006,938,21380,58007,51413,7738
1,0,100000,1,2,40,2,2,2,2,2,0,70762,69025,74489,78660,76797,78404,0,6600,6000,0,3000,3100
0,0,460000,0,1,30,-2,-2,-2,-2,-2,-2,0,0,0,0,630,0,0,0,0,630,0,0
0,0,360000,0,1,37,0,0,0,0,0,-1,16600,19190,20384,23255,22495,380,3194,2384,3271,2509,381,2469
0,0,150000,1,3,32,0,0,0,0,0,0,148352,151267,143254,137379,35290,1200,5210,5212,4610,706,1200,0
1,0,80000,1,2,25,0,0,0,0,0,0,63771,62642,60005,53384,55060,54583,2500,2500,1900,2500,2500,2000
0,0,120000,0,2,41,0,0,0,-1,2,0,14792,20084,0,6849,6598,16205,10000,0,6849,0,10000,2000
1,0,120000,1,3,44,4,3,2,0,0,0,149229,138487,127516,124530,120937,67711,0,0,6000,5067,1548,120862
0,0,150000,1,1,31,0,0,0,0,-1,-1,110921,64600,58158,24856,704,1899,3000,1500,1000,704,1899,0
0,0,50000,1,1,25,2,0,0,0,0,0,48966,49985,50760,49535,30358,30302,2130,1905,1811,1100,1100,1200
0,0,230000,0,1,48,0,0,0,0,0,0,161083,164757,168214,159106,162436,165878,7800,7684,5600,5755,6000,6300
1,0,350000,0,2,31,1,2,0,0,0,0,279767,253462,259137,264798,269673,275672,0,9754,10000,9396,10083,9439
1,1,240000,1,1,60,2,0,0,0,0,0,184427,188583,191992,185383,179565,92788,7001,6180,6000,5951,5285,192557
0,0,320000,0,1,30,-2,-2,-2,-2,-2,-2,0,200,3663,992,1627,6661,200,3696,997,1635,6694,2508
0,0,360000,0,5,39,-1,-1,-1,-1,0,-1,3102,552,31029,7731,1154,799,552,31051,7731,0,799,3238
0,0,100000,0,2,30,1,-2,-2,-1,2,0,0,0,0,1378,1209,3174,0,0,1378,0,2000,2000
0,1,50000,0,2,27,0,0,0,0,0,0,48492,48356,32904,28864,29708,29921,1600,1715,2000,3010,2000,1100
0,0,500000,1,1,56,-1,-1,-1,-1,-1,-1,22981,97007,32109,56370,36918,35017,97345,32189,56436,36918,35017,23547
0,0,110000,0,1,34,0,0,0,0,0,0,110712,110988,98270,79402,80804,81024,4112,3648,2800,3100,3133,2800
0,1,30000,1,2,44,-1,0,-1,0,-1,-1,21043,21183,1754,666,1339,1748,1196,1757,2,1443,1949,0
0,0,330000,1,1,42,0,0,0,0,0,0,241191,114291,113296,35048,36491,37252,10000,5449,5000,2000,2000,5000
0,0,260000,1,1,30,-1,-1,-1,-1,-1,-1,1943,855,7288,1055,710,755,855,7288,1055,710,755,955
0,0,150000,1,2,25,0,0,0,0,0,0,140662,144334,148016,150128,94834,97487,6000,6000,5176,5000,4002,3628
1,0,500000,0,2,40,-1,-1,-1,-1,-1,-2,2231,-9,2312,2928,0,0,0,2321,2928,0,0,0
1,1,10000,1,3,40,0,0,0,0,0,-2,8286,9395,10000,10000,0,0,1400,1000,0,0,0,0
0,1,260000,0,3,34,2,2,0,0,2,2,118706,115308,123069,129060,131682,135656,0,9670,9561,6250,6250,6250
0,0,20000,1,1,31,-2,-2,-2,-1,-1,-1,668,355,0,600,5275,841,355,0,600,5275,841,763
0,0,200000,0,2,29,1,2,0,0,0,2,57982,55005,54742,54401,42923,40365,0,2200,1671,3000,0,4600
1,0,310000,1,1,45,0,0,0,0,0,0,313268,278821,283847,290135,293350,300623,10010,11500,11015,11000,12000,23035
1,1,50000,1,2,35,0,0,0,0,-1,0,49008,49198,34239,14448,28799,29199,2171,2021,930,31074,1503,1030
0,0,360000,1,2,34,0,0,0,0,0,0,31580,32618,33610,34281,34944,35498,1549,1541,1212,1200,1000,1000
0,0,50000,0,3,25,2,2,0,0,0,0,31097,30322,31142,29391,30099,28041,0,1833,1000,1000,10000,10000
0,0,30000,1,1,24,2,2,0,0,0,0,16035,15493,16197,16669,16865,17199,0,1270,742,613,615,646
0,0,160000,1,1,41,1,-2,-2,-2,-2,-2,0,0,0,0,0,0,0,0,0,0,0,0
0,0,10000,0,3,42,0,0,-1,-1,-1,-1,4908,5665,381,390,0,780,1275,381,399,0,780,0
0,0,180000,1,1,27,0,0,0,0,0,0,20793,18795,23194,44070,39003,26424,10053,12057,30035,863,72,37
0,1,150000,0,1,24,-1,-1,-1,0,0,-1,4857,1729,49200,50000,0,50000,1733,49200,1000,0,50000,0
0,0,150000,0,4,49,1,-2,-1,-1,0,-1,-260,-2835,3960,10410,2361,2868,4,7920,10426,0,2868,4384
1,0,360000,1,2,31,1,-2,-2,-2,-2,-2,0,0,0,0,0,0,0,0,0,0,0,0
0,0,180000,0,5,41,-1,-1,-1,-1,-1,-1,22777,20311,20726,22111,25560,2461,20328,20789,22169,25560,2461,10947
1,0,180000,0,1,44,0,0,2,0,0,0,7668,10006,7996,8960,6310,4656,2489,0,1166,126,112,244
0,1,200000,0,2,35,0,0,0,0,0,0,7677,14704,8000,10285,16285,4815,7240,2000,2285,6000,1500,0
0,0,180000,0,2,39,2,2,2,2,2,0,177113,180628,176137,183007,179505,105229,7800,0,11700,0,3775,7000
0,0,260000,0,1,44,0,0,0,0,0,0,279670,286796,295631,299692,164332,183033,11778,15000,8526,20000,20000,20092
0,0,290000,0,1,31,0,0,0,0,0,0,82939,82814,71541,59493,67821,71546,5017,4033,2828,10000,5000,3000
0,1,580000,1,1,35,-2,-2,-1,0,-1,0,9238,0,1758,2886,3733,3040,0,1758,2014,3793,7,2138
1,1,160000,0,2,47,-1,3,2,-1,-1,-1,1857,1672,836,836,836,836,0,0,836,836,836,836
0,0,80000,1,3,31,1,-2,-2,-2,-2,-2,0,0,0,0,0,0,0,0,0,0,0,0
0,0,180000,0,1,56,-2,-2,-2,-2,-2,-2,0,0,1829,-200,0,4208,0,1829,998,200,4208,0
0,1,180000,1,5,29,1,-2,-2,-2,-2,-1,92245,64364,5527,1600,2600,390,11400,1000,340,1000,390,390
1,0,180000,1,1,37,0,0,0,0,0,-2,15288,16534,18100,19900,-100,-100,1500,2000,2000,0,0,0
0,0,160000,0,1,41,0,0,-1,0,0,0,169867,126973,88072,88783,79684,78656,3360,92532,2859,2638,3000,2584
1,1,180000,0,1,36,0,0,0,0,0,0,4911,6688,8432,9977,10030,10836,2000,2000,2000,500,1100,0
1,1,100000,0,1,49,1,2,0,0,0,2,103307,97590,99560,95952,98744,97896,0,4700,4400,6000,2000,4000
1,1,80000,0,2,35,0,0,0,0,0,0,81513,82816,74170,73609,46443,47231,3612,2830,2194,1797,2000,2000
1,0,50000,1,2,27,2,0,0,0,0,2,41932,38411,30659,30963,30505,28696,1600,1712,1016,2500,0,2848
0,1,160000,0,2,33,-1,-1,-1,-1,0,-1,8015,2453,9624,52572,7333,2210,2453,9880,52572,1546,2210,0
0,0,200000,0,1,34,-2,-2,-2,-2,-2,-2,2955,5895,15146,11575,11564,13744,5938,15682,11633,11622,13813,22699
0,0,30000,0,2,22,1,2,2,-1,2,2,22623,3019,-341,1129,1470,339,10,0,1470,341,0,12324
0,0,50000,0,2,33,0,0,0,0,0,0,14720,15743,16756,17089,17446,17825,1265,1278,611,632,668,591
0,0,210000,0,1,35,0,0,0,-2,-2,-2,142422,143650,0,0,0,0,6500,0,0,0,0,0
1,1,50000,0,3,29,2,2,0,0,0,0,59077,55607,54882,53894,52382,53947,0,2700,2450,1830,4300,6500
0,0,50000,0,1,23,0,0,2,0,0,0,9978,12493,10447,12247,9195,4995,3000,0,2020,0,100,2000
1,0,380000,1,1,30,1,-2,-2,-2,-2,-2,0,0,0,0,0,0,0,0,0,0,0,0
0,1,60000,1,1,27,0,0,0,-2,-2,-2,10908,13331,0,0,0,0,8331,0,0,0,0,3860
0,0,50000,0,1,30,0,0,0,2,2,2,19930,36105,29604,27764,28656,29087,28019,13000,0,2000,1000,5000
0,0,20000,1,2,34,0,0,2,3,2,0,14950,16446,19844,19162,18704,19226,2065,3398,0,0,780,18010
0,1,200000,0,2,30,0,0,0,-2,-2,-2,25874,16298,0,0,0,0,1048,0,0,0,0,0
1,1,290000,1,1,27,0,0,0,0,0,0,246284,218441,176099,170282,166869,173273,10000,8000,6500,7000,10000,10000
0,0,20000,0,2,22,0,0,2,2,2,2,15169,17793,17207,20409,20844,20349,2874,0,3490,900,0,361
1,1,30000,0,3,47,2,2,0,0,2,0,25280,24589,26160,29927,29336,29820,0,2000,4200,0,1100,1100
1,0,70000,0,1,30,0,-1,-1,2,0,0,6749,64626,47161,27534,26660,27022,64626,3000,0,946,1424,1000
0,1,20000,1,2,24,0,0,0,0,0,0,17924,18475,19539,19396,11643,11578,1400,1380,1181,1000,500,500
0,0,170000,0,2,41,-2,-2,-2,-2,-2,-2,736,736,1156,316,316,316,736,1156,316,316,316,316
0,0,100000,1,2,26,0,0,0,0,0,0,30928,32186,32949,33680,34419,37782,2500,2000,2000,2000,4500,40000
1,1,210000,1,1,30,0,0,0,0,0,2,65600,63396,64150,66135,70118,67254,2300,3000,3000,5000,0,3000
1,1,160000,1,2,55,0,0,0,0,0,0,155389,152162,154715,155026,79051,81089,6911,6500,4270,2518,2994,0
1,0,210000,1,2,41,2,2,2,2,2,2,85639,87705,90376,90687,91888,93852,4200,4800,2500,3900,3400,3400
0,0,80000,0,3,46,2,0,0,0,-1,-1,58934,52253,34721,5544,9318,7298,2254,2086,19,9346,7319,1352
0,0,30000,1,2,54,0,0,0,0,0,0,26278,24767,27533,26400,25620,390,1700,3400,2528,0,390,780
0,0,80000,0,2,37,0,0,0,0,0,0,39839,40596,41914,42618,43525,44433,1700,1996,1700,1745,1800,2500
0,0,30000,0,2,23,-2,-2,-2,-2,-2,-2,318,0,0,0,0,0,0,0,0,0,0,0
0,0,450000,0,1,69,-1,-1,-1,-1,-1,-1,2000,0,1173,0,6265,2374,0,1173,0,6265,2374,708
1,1,80000,0,2,25,-1,-1,-1,-1,-1,-1,3002,1921,13454,1807,3560,3337,1921,13454,1807,3560,3337,6240
1,1,490000,1,1,41,0,0,0,0,0,0,95997,98047,100412,102736,105083,107334,3600,4000,4000,4000,4000,4000
0,0,80000,0,5,25,0,0,0,0,0,0,75296,74792,75825,77454,78862,73442,4000,3400,4000,3349,2784,3000
1,1,10000,0,2,55,3,2,2,2,2,2,5358,6339,6111,7031,6780,7676,1200,0,1000,0,1000,0
0,0,20000,1,2,37,0,0,0,0,0,0,19701,20302,19200,17085,17953,19299,2000,1500,2000,2000,2000,1000
0,0,250000,1,2,31,1,-2,-2,-2,-2,-1,0,0,0,0,0,1026,0,0,0,0,1026,1026
0,0,360000,1,2,40,-1,-1,-1,-1,0,-1,250,1088,3189,3093,4019,2407,1088,3215,3104,2026,2414,8089
0,0,370000,0,1,36,-2,-2,-2,-2,-2,-2,2788,25790,3007,4246,3737,2290,25794,3007,4305,3737,2290,22259
0,0,50000,1,3,25,0,0,0,0,2,2,46277,47713,44006,29737,30615,29975,2500,2300,2500,1500,0,1000
0,0,50000,1,2,46,0,0,0,0,0,0,29254,26289,21751,20154,16784,17352,1737,1300,668,8000,1000,3100
0,0,230000,0,1,27,-2,-2,-2,-2,-2,-2,2978,6666,1951,67101,5136,10316,7000,1951,67101,5142,10316,5720
1,0,30000,1,1,45,1,2,2,2,3,2,25829,25121,27988,30515,29738,29126,0,3600,3300,0,0,1100
1,1,260000,1,1,38,0,0,0,0,0,0,94152,91774,89485,85906,83619,81260,4150,4153,2913,3012,3088,3033
0,0,200000,1,3,33,0,0,0,0,0,0,181542,173731,152447,119730,122537,109504,7100,5354,4363,4816,4381,3330
0,0,500000,1,1,46,-1,-1,-1,-1,-1,-2,991,4073,6738,2500,0,0,4082,6738,2510,0,0,1000
0,0,50000,0,2,25,0,0,0,0,0,0,50485,50397,49167,45077,36815,38203,2000,3045,1660,1500,2000,10000
1,0,190000,0,1,31,0,0,0,0,0,0,132946,136809,140664,144395,147642,151410,6000,6000,6000,5500,6000,5500
0,0,50000,1,3,55,0,0,2,0,0,2,42067,45127,44106,44839,47634,46718,4055,0,1767,3683,0,1817
0,0,340000,0,2,45,-2,-2,-2,-2,-2,-2,5754,480,2532,-36,105668,5490,482,2544,2,106196,5517,433
0,0,110000,0,1,25,-2,-2,-2,-2,-2,-2,86107,83894,85037,44819,24512,25447,0,4000,2100,2000,1500,1500
0,0,230000,0,1,38,-1,-1,0,0,0,0,2130,62469,62583,59047,52574,43723,62469,5000,2000,5000,5000,3000
0,0,30000,1,2,29,1,3,2,0,0,0,31986,31189,29634,28174,27307,24449,0,4,1020,1110,989,982
0,0,470000,1,1,38,0,0,0,0,0,0,156454,152017,153651,155381,155287,160843,5526,5484,5504,5655,9471,5269
1,0,10000,1,1,38,-1,-1,2,0,0,2,4711,9617,9307,9665,10470,10169,5000,0,500,1100,0,1000
0,0,400000,1,3,33,0,0,2,0,0,0,2487,4708,2192,11111,5675,5071,4009,6,10248,4721,4114,1855
1,0,80000,0,2,38,2,0,0,0,2,0,62622,54613,43232,32361,22382,20509,3208,1964,3428,7,1000,2900
0,0,50000,0,1,35,0,0,0,0,0,-1,46532,46624,45438,39527,7997,462,3000,1200,9,500,462,1500
1,0,30000,0,1,30,2,2,2,3,2,2,12109,12917,13909,13394,13036,15019,1300,1500,0,0,2200,0
0,0,30000,0,2,33,0,0,0,0,0,0,11042,12051,13101,14413,14476,14792,1200,1250,1537,600,550,600
0,0,280000,0,2,33,0,0,0,0,0,0,28928,24266,20209,20395,18969,18381,1634,1649,1304,703,701,705
0,0,10000,0,3,46,0,0,-2,-2,-1,0,10400,0,0,0,1864,1720,0,0,0,1864,50,1500
0,0,20000,1,2,40,1,2,0,0,0,0,20138,19531,18867,19253,20003,19470,0,1146,532,900,781,0
0,1,170000,1,4,40,0,0,0,0,0,0,171650,171841,171014,168142,169821,173014,6384,7540,7540,6301,6517,6035
1,1,320000,0,4,32,-1,-1,-1,-1,0,0,1145,4133,2488,21222,15115,27279,4135,2488,21238,5000,15000,545
0,0,50000,0,2,23,0,0,0,0,0,0,5215,6232,7251,8326,9184,10031,1106,1125,1200,1000,1000,1000
0,0,90000,0,2,25,0,0,0,0,0,0,81694,78656,78054,78116,75483,72821,3609,5000,4000,3315,7539,5000
1,0,260000,1,1,32,-1,-1,-1,2,-1,0,2112,728,100,100,499,499,733,100,0,499,0,0
0,0,500000,1,2,39,-2,-2,-2,-2,-2,-2,2082,800,1440,600,8170,600,803,1440,600,8170,600,1389
1,1,10000,0,3,52,-1,2,2,2,2,2,2465,3475,4366,4148,4579,4360,1200,1100,0,500,0,500
1,0,50000,0,2,32,0,0,0,0,0,0,44751,43952,29136,19048,17946,17340,1500,1239,612,607,2593,584
0,0,190000,0,2,34,1,-2,-2,-2,-2,-2,-18,-18,-18,-18,-18,-18,0,0,0,0,0,0
1,0,140000,0,2,37,-1,-1,-1,-1,2,-1,316,586,5842,9422,8956,316,586,5842,8956,0,316,316
0,0,70000,1,1,25,0,0,0,0,0,0,31011,28034,26363,22587,21770,19525,2002,1435,1294,1000,1000,1001
1,0,500000,1,2,38,1,2,0,0,2,0,91662,88467,90193,94629,92621,80971,0,4500,7200,8,3403,2311
1,0,360000,0,1,32,0,0,0,0,0,0,167232,166848,149903,138091,138123,140324,6121,7294,6135,4504,4669,4060
0,0,90000,0,2,45,0,0,0,0,-1,0,63049,71245,70819,20301,87497,86938,10000,1612,0,87497,10000,20000
1,0,20000,0,2,22,0,0,0,0,0,0,17958,18499,19762,19807,19830,20347,1329,1592,637,700,827,357
0,0,150000,0,1,28,-2,-2,-2,-2,-2,-2,0,0,0,0,0,0,0,0,0,0,0,0
0,0,80000,0,2,36,-1,-1,-1,-1,-1,-1,2741,9266,1125,4380,2210,1150,9266,1125,4401,2210,1150,390
0,0,350000,0,2,29,-1,-1,-1,-1,-1,-1,8760,5882,9845,4677,5767,6532,5932,9908,4692,5787,6548,4863
0,0,140000,0,2,33,0,0,0,-2,-1,0,89226,90212,-1037,-1037,66441,68365,3133,0,0,68383,3000,3096
0,0,210000,0,1,34,-1,-1,-1,-1,-1,-1,5081,4053,3853,3942,2338,1767,4055,3856,3945,2338,1767,0
1,0,50000,1,2,28,0,0,0,0,0,0,48433,49608,45568,9742,8790,6591,2000,1500,442,300,238,500
0,1,220000,0,3,38,0,0,0,0,0,0,120622,111593,99170,98437,91222,94061,4803,4604,3497,4000,4214,3404
0,0,50000,0,2,38,0,0,0,0,0,0,25184,26261,27334,28374,28804,29488,1800,1800,1800,1200,1300,1300
0,1,190000,0,2,39,0,0,0,0,-1,0,180201,181443,155045,95145,86025,87836,7000,7000,3100,92101,3200,4300
0,0,10000,1,2,25,0,0,0,0,0,0,7806,8615,7851,8704,8877,9063,1114,1292,1145,318,329,331
0,0,260000,0,2,43,-2,-2,-2,-2,-2,-2,690,2500,0,0,0,0,2500,0,0,0,0,0
0,0,150000,0,3,41,0,0,0,0,0,-2,20934,21364,21196,21715,0,0,1500,1500,1000,0,0,0
0,0,60000,0,2,32,0,0,0,0,0,0,57199,57417,35875,36695,36837,37307,2491,1669,1805,1263,1439,1408
0,1,160000,0,2,43,1,-2,-2,-2,-2,-1,0,0,0,0,0,695,0,0,0,0,695,0
0,0,440000,0,1,37,-1,-1,-1,-1,-1,-1,5302,13333,686,-414,2736,12586,13333,1383,0,3150,13000,5500
0,0,70000,0,3,37,0,0,0,0,0,0,74117,72168,70177,65735,55468,53266,2589,2511,2254,2000,2000,1766
0,0,50000,1,3,34,0,0,0,2,0,0,15750,16472,15530,8440,1000,0,1300,2410,0,0,0,0
0,1,40000,0,2,25,0,0,0,2,0,0,39092,39816,40817,39082,38091,40159,1967,3300,0,1400,3100,0
0,0,160000,0,1,24,-1,-1,0,0,-1,-1,2990,8619,4405,4445,2820,4970,8619,1000,4000,2820,4970,2825
0,0,310000,0,1,39,-2,-2,-2,-2,-2,-2,12080,1989,4566,5329,5724,1518,1989,4566,5433,5724,1336,0
0,0,240000,0,1,33,-2,-2,-2,-2,-2,-2,5000,0,5000,0,254,9366,0,5000,0,254,9366,1150
0,0,200000,1,3,27,0,0,0,0,0,0,60225,61040,32298,31046,21581,16001,4119,5000,3037,3025,3035,3000
1,1,140000,0,1,23,0,0,2,0,0,0,90289,91739,89623,82030,84792,84794,10007,1038,3900,5000,4000,5000
0,0,500000,0,1,30,-2,-2,-1,-1,-2,-2,1078,5543,500,617,617,617,5562,810,617,0,0,28572
0,0,50000,0,1,36,1,2,2,2,2,2,29003,29244,30827,31224,30587,32763,1000,2363,1200,0,2700,1157
0,1,140000,0,2,24,0,0,0,0,2,0,121241,67929,65536,67645,62839,53457,4000,4000,8000,0,5000,2000
0,0,60000,0,2,46,0,0,0,0,0,0,60987,60832,50469,40564,40601,40467,2145,1612,1404,1442,1445,1389
0,0,240000,1,1,30,1,-2,-2,-2,-2,-2,0,0,0,0,0,0,0,0,0,0,0,0
0,0,500000,0,1,41,-1,-1,-1,-1,-1,3,5094,5626,1715,-285,1715,1395,6000,1715,0,2000,0,0
0,0,290000,0,2,29,0,0,0,0,0,0,20593,20187,19130,14793,15442,14381,2002,3001,2000,1502,1000,1002
0,0,30000,0,1,29,1,-2,-2,-2,-2,-1,0,0,0,0,0,4443,0,0,0,0,4443,890
0,0,360000,1,1,29,-1,-1,-2,-2,-2,-2,51400,0,0,0,0,0,0,0,0,0,0,0
0,0,140000,1,2,30,-1,-1,-1,-1,-1,-1,326,326,326,326,326,326,326,326,326,326,326,326
0,0,20000,0,2,34,-1,-1,-1,-1,-1,-1,780,0,390,390,390,12190,0,390,390,390,12190,780
0,0,360000,0,1,35,-1,-1,-1,-1,0,0,1475,13466,17584,17354,37703,22490,14200,17631,17741,25203,10000,216
0,0,30000,0,3,35,2,2,2,2,2,2,27160,26444,28694,27936,29930,29302,0,3000,0,2600,0,1600
0,0,50000,1,2,25,0,0,0,0,0,0,50479,48294,48735,45036,19246,18872,1649,11890,1367,668,675,673
0,1,50000,1,2,44,0,0,0,0,0,0,49699,49685,28637,38137,27128,29992,2300,1487,21704,3000,15000,18300
0,1,460000,1,1,41,-1,-1,-1,-1,-1,-2,81848,7653,47633,1296,0,0,8877,47830,1296,0,0,0
1,1,470000,1,1,40,1,2,0,0,0,0,276880,241153,204223,151253,138087,109094,5014,10000,5214,4500,5000,4200
1,1,310000,1,1,33,2,2,-2,-2,-2,-2,2500,0,0,0,0,0,0,0,0,0,0,0
1,0,500000,0,1,52,-1,-1,-1,-2,-2,-2,1323,1725,0,0,0,0,1725,0,0,0,0,0
0,0,20000,0,2,47,1,2,0,0,0,0,9325,8562,9571,9912,10036,10400,1000,1159,500,432,600,0
0,0,120000,0,2,27,1,-2,-1,-1,-2,-2,0,0,2382,0,0,0,0,2382,0,0,0,0
1,1,200000,0,1,38,0,0,0,0,0,0,13311,10781,9592,9585,8177,7136,1711,1411,2531,5007,507,506
0,0,60000,0,2,26,1,2,0,0,2,2,58603,58918,55709,54173,54065,57499,2000,2500,3200,1000,4500,0
0,1,500000,1,1,31,0,0,-1,0,0,0,239824,226716,115610,89359,63609,123128,5614,118640,5841,6000,100000,5000
0,0,120000,0,2,28,0,0,0,0,0,0,103676,96833,78920,74310,75710,77503,3283,3000,5000,3000,3000,4000
0,1,110000,1,1,32,0,0,0,2,2,2,112380,113369,113214,108350,109072,106848,6200,9900,0,8007,0,5000
1,0,110000,0,2,25,0,0,0,0,0,0,38152,39214,39981,41312,42028,42899,2000,1700,2000,1700,1700,2300
1,0,60000,1,2,29,2,2,2,2,2,2,35932,35060,38176,38452,39423,38660,0,4000,1200,1900,0,2900
0,0,250000,0,2,25,0,0,0,0,0,0,13358,19102,23681,20869,25490,31258,6000,5000,4000,5000,6000,5000
0,0,50000,0,1,23,-2,-2,-2,-2,-2,-2,49860,50187,50022,20114,18777,18273,2500,1289,917,1315,5042,2512
0,0,130000,0,2,26,0,0,0,0,-1,0,130318,131351,131352,121931,61755,61453,4700,5108,3860,82367,3041,2000
1,0,30000,0,2,37,0,0,0,2,2,2,26168,27442,30165,29383,32739,33143,2000,3500,0,4000,1150,1000
0,1,120000,0,3,36,0,0,0,0,0,2,91914,94638,96290,97913,102959,104872,4260,4371,4425,7900,4000,0
0,0,50000,1,2,52,0,0,0,0,0,0,46436,41290,40251,15273,14229,15001,2300,2000,1000,1000,1000,1000
0,1,30000,0,2,46,0,0,0,0,0,0,28234,28874,29437,27738,27268,27409,1484,1436,1120,995,989,800
0,0,10000,1,2,24,0,0,0,0,0,-2,7521,8519,8142,8235,0,0,1145,1148,1021,0,0,0
0,0,50000,1,2,51,0,-1,-1,0,0,0,113247,108550,118310,9904,9905,9974,3000,10510,4000,500,1000,2000
1,0,20000,1,2,47,0,0,0,0,0,0,15166,15014,16024,16345,17579,18750,1257,1267,588,1500,1500,0
1,1,20000,1,2,30,4,3,2,2,2,3,19379,18775,19612,18864,20556,20211,0,1433,0,2125,0,0
1,0,310000,0,1,28,0,0,0,0,0,0,176565,152037,166900,154297,146844,146883,25532,50120,30000,20000,5807,5800
1,1,70000,1,2,24,3,2,2,2,2,2,63000,64397,65253,63609,68397,69605,3000,2500,0,6000,2500,2700
0,0,400000,1,2,32,0,0,0,0,0,0,271974,337765,138235,136102,33340,63684,100000,10007,3601,22000,35802,2013
0,0,20000,0,3,53,-1,-1,-2,-2,-1,-1,4400,-220,-220,-610,390,0,0,0,0,1390,0,780
0,0,220000,1,2,28,0,0,0,0,0,0,59247,60200,60360,61168,57287,62208,6000,3037,4000,4000,15000,3000
0,0,50000,0,1,22,2,2,2,0,0,0,41632,44069,37395,32284,32805,33751,3509,0,1302,1191,1492,1949
0,1,30000,0,2,24,0,0,0,0,0,-2,24835,23527,20701,8263,0,0,1485,1138,1000,0,0,0
1,0,160000,0,1,30,1,-2,-2,-2,-2,-2,0,0,0,0,0,0,0,0,0,0,0,0
0,0,240000,1,3,55,0,0,0,0,0,0,25631,27047,26654,28065,29503,32042,2500,2000,2000,2000,3000,2000
0,1,20000,1,3,37,0,0,0,-1,-1,-2,19716,20518,16551,1700,0,0,1547,1350,1700,0,0,0
0,1,300000,0,1,36,1,-2,-2,-1,2,-1,-78,-78,-78,1222,1072,4689,0,0,1300,0,4689,0
0,1,110000,1,3,27,0,0,0,0,0,0,55567,65753,65379,65467,64596,62405,15753,5379,5467,4596,3405,1492
1,1,50000,1,1,26,2,2,-1,0,0,0,2467,-368,1465,2282,2397,2470,0,2000,1000,300,300,2000
0,0,160000,0,2,23,0,0,0,0,-1,-1,17920,17195,17164,7175,1942,100025,2000,3181,3012,1942,100025,3000
0,1,90000,0,2,25,0,0,0,0,0,0,44727,42751,43421,45878,46054,47252,2000,1851,3500,1519,2000,2000
1,0,120000,0,1,35,1,-2,-1,-1,-1,-1,0,0,234,4394,3164,5700,0,234,4394,3164,5700,300
0,0,360000,1,1,39,0,-1,-1,-1,0,-1,167685,3288,75244,6468,3169,3130,3304,75260,6484,24,3144,3458
1,1,360000,0,1,31,3,2,2,2,2,2,2500,2500,2500,2500,2500,2500,0,0,0,0,0,0
1,0,20000,1,1,29,0,0,0,0,0,0,14492,15759,17371,17873,18073,10817,1500,2000,651,500,1000,500
0,0,200000,1,2,39,0,0,0,0,0,0,31236,31996,32704,33351,34050,36184,1838,1546,1193,1236,2700,1022
0,0,100000,1,2,28,0,0,0,0,0,0,9125,10664,12183,13670,15129,15732,2000,2000,2000,2000,1000,2000
0,1,260000,1,3,36,-1,0,0,0,0,0,154462,153799,77156,73658,70273,67100,7425,2795,2779,2947,3400,5000
1,0,210000,0,1,25,0,0,0,0,0,0,66517,63828,60713,61949,61908,59914,3000,2500,6259,5000,3000,5000
1,0,230000,0,1,31,0,0,0,-1,0,-1,33109,29830,11750,5194,15450,9368,5000,5000,15897,12000,9368,6000
1,0,230000,0,2,38,0,0,0,0,0,0,10906,9692,9162,10466,9426,8099,1364,1393,2003,1000,1000,500
0,0,20000,1,2,45,-2,-2,2,2,2,2,-2044,1961,2983,2790,3589,3388,5966,1201,0,1000,0,1000
0,0,130000,0,2,25,1,2,0,0,0,0,39728,38815,39828,40468,41315,42133,0,1960,1600,1650,1655,1725
0,0,500000,1,1,43,-1,-1,-1,0,0,-1,14872,53132,74478,61069,37369,2581,53421,74559,1343,907,2592,42767
0,0,210000,1,1,31,0,0,0,0,0,2,82940,84583,86357,88149,93654,82166,3024,3134,3228,7000,0,3000
0,0,260000,0,2,32,0,0,0,0,0,0,251330,256988,234260,227884,202178,198467,10000,9014,11002,7503,7502,7500
0,0,200000,1,2,45,0,0,0,0,0,0,197600,200378,162374,154234,143953,147834,10265,6061,7048,5016,10294,5136
0,1,220000,1,1,29,2,2,2,2,2,2,124820,126740,121910,89608,53535,36312,6300,0,6000,2500,0,1500
1,0,180000,1,2,46,-1,-1,-1,-1,-1,-1,390,390,390,0,390,930,390,390,0,390,930,135
0,0,110000,0,2,32,0,0,0,0,0,0,68014,68788,70880,72403,73600,75261,2500,3200,3300,3000,3000,2746
0,0,30000,0,2,25,-2,-2,-1,0,0,0,0,1232,27287,27874,28430,29093,1232,31484,1444,1000,1100,1491
1,0,20000,0,2,46,1,-2,-1,0,0,-1,0,0,390,390,390,150,0,390,0,0,150,390
1,0,20000,1,2,42,2,0,0,0,0,0,20745,21431,19745,19943,19235,19245,1373,1386,1189,570,589,600
0,0,180000,0,2,32,0,0,0,0,0,0,20730,17107,35884,31057,29052,25933,1582,30000,1000,1000,1000,1000
0,0,210000,0,1,26,0,-1,0,0,0,0,6608,3582,63527,32088,16731,62561,3582,63000,20000,5000,52343,15000
0,1,350000,0,1,30,0,0,0,0,0,0,43548,39873,52449,53581,45320,43421,15000,15000,6000,1013,1445,5000
0,0,90000,0,2,31,0,0,0,0,-2,-2,19929,17671,7870,0,0,0,1500,1000,0,0,3000,40000
0,0,360000,0,2,47,-2,-2,-2,-2,-2,-2,3899,6571,7486,24472,5935,4999,7148,8063,25217,6487,5000,0
0,0,230000,0,1,25,-2,-2,-2,-2,-2,-2,248,248,248,248,248,248,248,248,248,248,248,248
0,0,70000,1,1,43,0,0,0,0,0,0,68228,65935,67454,67592,36515,37426,2378,2600,2613,1500,1500,1500
1,0,30000,0,1,24,1,2,2,2,0,0,29492,29697,30737,27808,28204,28792,1000,3513,0,1155,1190,1502
0,0,130000,0,1,27,0,0,0,0,-1,-1,37319,38252,46741,42881,367,46265,2031,10000,1000,367,61170,1200
0,0,130000,0,2,37,0,0,0,0,0,0,33346,37902,42496,45954,51419,55919,5448,5542,4500,5465,4500,5662
0,0,110000,0,3,28,0,0,2,2,0,0,85918,87442,82975,80446,80006,80421,4000,6000,12,3100,3200,3000
0,0,20000,1,1,33,0,0,0,0,0,0,17593,38478,19703,19697,17303,1554,1472,1400,394,346,31,0
0,0,300000,1,1,26,-2,-2,-2,-2,-2,-2,0,0,0,0,0,0,0,0,0,0,0,0
1,0,350000,0,2,35,-2,-2,-1,-1,-2,-2,83379,26305,26858,40098,10855,-2,26436,26921,40098,10855,2,0
0,0,180000,0,1,32,-1,-1,2,2,-1,-1,3139,5853,2821,0,2821,0,2821,0,0,2821,0,176
1,0,20000,0,1,24,0,0,0,0,0,0,19403,18989,18914,19883,19293,19993,1300,1332,1301,700,1000,900
0,0,30000,0,1,22,-2,-2,-2,-2,-2,-2,8066,4869,3781,1991,3951,2612,4869,4000,1991,3951,2612,2668
0,0,50000,0,2,25,-1,-1,-1,2,0,-1,8731,2463,8514,5797,2413,33353,2463,8514,0,0,33353,5868
0,0,410000,1,2,36,-2,-2,-2,-2,-1,-1,3827,9921,28961,2954,9942,2628,10534,29750,3483,10470,2636,122005
0,0,50000,1,2,24,0,0,0,0,0,0,23553,21507,17827,7655,7881,8248,1700,2000,500,500,500,1000
0,0,170000,0,2,42,0,0,0,0,-2,-2,4600,6519,7360,2437,2881,2659,2000,1000,2437,3103,2659,2659
1,0,70000,1,2,28,1,2,0,0,0,0,35155,26598,22793,23156,24810,27433,23,1637,1000,2000,3007,3014
0,0,80000,1,1,28,-2,-2,-2,-2,-2,-2,8598,9467,-270,3697,9455,4144,9467,0,3967,9455,5000,2900
1,0,20000,0,2,50,7,6,5,4,3,2,22858,22246,21623,21000,20388,19915,0,0,0,0,0,994
1,0,110000,0,3,29,1,2,2,2,2,-1,6467,6920,6242,6712,871,16391,1114,0,1000,0,16391,832
0,0,210000,0,1,31,-2,-2,-2,-2,-1,-1,1440,0,7422,893,6082,2293,0,7422,893,6082,2293,3299
0,0,30000,0,2,42,0,0,0,0,0,0,47912,25023,25768,26410,27960,46254,1755,1500,1000,1909,1000,2000
0,0,90000,0,2,30,2,2,0,0,0,0,64937,63240,51426,37872,33780,47367,0,1798,1426,1450,40000,711
0,0,110000,1,3,52,0,0,0,0,0,0,13962,15219,15424,15479,15989,16276,1500,1545,600,750,700,2000
0,0,360000,1,1,31,-1,-1,-1,-2,-1,-1,509,1350,0,0,1713,4819,1363,0,0,1713,4819,6439
0,0,120000,0,2,48,0,0,0,0,0,0,78384,77085,73326,72594,72008,74622,4000,3505,3005,3008,7253,12
0,0,450000,1,1,31,-1,-1,-1,-1,-2,-2,5000,5000,5000,0,0,0,5000,5000,0,0,0,0
0,0,310000,1,1,40,-2,-2,-2,-2,-2,-2,-150,-150,-150,-150,-150,-150,0,0,0,0,0,0
0,0,210000,1,1,29,0,0,0,0,0,0,183214,167757,170663,169291,140384,138574,6000,8000,5556,5100,5016,5200
0,0,180000,0,1,40,-1,-1,-1,-1,-1,-1,15118,6041,1459,2178,2634,968,6047,3262,2178,2634,968,2432
0,1,110000,1,2,30,2,0,0,3,2,2,54404,57503,66128,64477,65413,66520,4000,9600,0,2600,2300,3000
1,0,180000,0,2,25,0,0,0,0,0,-1,33322,29500,28418,16084,14210,711,1900,1864,600,600,711,2576
0,0,320000,0,1,27,-1,0,0,0,-1,0,19950,24544,31236,66091,5800,5800,5000,10000,36091,5800,0,464
0,0,50000,1,3,26,0,0,0,0,0,-1,24132,20109,19932,19762,10708,20148,1902,1200,30,1031,20201,605
0,1,120000,0,3,36,0,0,0,0,0,2,91914,94638,96290,97913,102959,104872,4260,4371,4425,7900,4000,0
0,0,50000,1,3,26,0,0,0,0,0,0,50343,24132,20109,19932,19762,10708,1319,1902,1200,30,1031,20201
1,1,30000,0,2,22,2,2,2,2,2,0,26243,25523,28609,28945,28181,29329,0,3500,1100,0,1600,2500
1,0,110000,0,2,42,0,0,0,2,2,0,5174,6184,8383,8394,7709,8084,1106,2393,300,0,500,500
1,0,20000,1,3,53,0,0,2,0,0,0,17614,19323,19694,20004,20159,20059,2000,1000,1000,1000,1000,800
0,1,150000,0,1,31,0,0,0,0,0,0,126419,128887,134208,139551,134321,104513,7000,12440,10000,5000,5000,10000
1,0,100000,1,2,44,2,2,2,2,0,0,30094,31111,31407,30603,31411,32089,1800,1100,0,1300,1200,1400
1,1,100000,1,2,35,0,0,0,0,0,0,61378,62756,64147,65910,61018,62878,3000,3000,3500,3000,3000,3000
0,0,360000,0,1,26,-2,-2,-2,-2,-2,-2,2741,-59,-59,11868,-2,450,0,0,11927,0,452,3818
0,0,150000,1,1,30,-2,-2,-2,-2,-2,-2,989,1023,7542,1200,0,0,1023,7542,1200,0,0,689
0,1,220000,0,1,30,0,0,0,0,0,0,45346,42480,37160,29161,20209,22679,1947,2000,3776,606,10764,3217
0,0,50000,1,2,29,1,2,0,0,0,2,23451,22781,24108,25203,26681,26117,0,2000,1800,2200,0,2250
0,0,120000,0,3,39,0,0,0,0,2,2,116983,117616,74853,78692,78456,76140,5750,4000,6300,3000,0,3700
0,0,130000,0,1,30,-1,-1,-1,-1,-1,-1,5002,2437,2448,5457,3855,4684,2437,2774,5457,3855,4684,843
0,0,500000,1,2,33,-1,-1,0,-1,0,0,680,1094,1508,1862,3676,4961,1101,1100,2103,2500,2000,2000
0,0,50000,0,3,40,0,0,0,0,-1,0,117191,48729,49929,-596,28348,30530,2325,2525,283,29334,3000,2000
0,0,290000,1,3,32,-1,-1,-1,-1,-1,0,1520,1200,0,1000,28661,8976,1200,0,1000,9948,8974,175000
1,1,130000,0,2,26,1,-2,-2,-2,-2,-2,0,0,0,0,0,0,0,0,0,0,0,0
0,0,20000,0,1,25,0,-1,-1,-2,-2,-2,15312,2846,0,0,0,0,3000,0,0,0,0,0
0,0,260000,0,1,29,-1,-1,-1,-1,-1,-1,3735,-8,4865,507,3787,1443,0,4873,507,3787,1443,0
1,0,310000,0,3,45,0,0,0,0,0,0,311401,218298,222424,220058,199376,189840,21084,20000,12000,15000,8000,15000
1,1,150000,0,1,28,0,0,0,0,0,0,66296,61916,39614,39863,26379,22081,3000,3005,5000,3000,5000,1000
0,1,360000,1,3,34,-1,-1,-1,-1,-1,-1,686,3821,1937,944,1219,2216,3821,1937,944,1219,2216,2000
1,1,50000,1,2,43,0,0,0,0,0,0,12661,13743,14777,12404,10777,16597,1600,1605,2000,500,6000,6000
0,0,30000,0,3,41,0,0,0,0,0,2,24217,24216,25254,27099,30297,28817,2000,3000,3000,5000,0,1500
0,0,260000,0,1,34,-2,-2,-2,-2,-2,-2,5237,0,0,0,3982,0,0,0,0,3982,0,0
0,0,30000,1,3,25,0,0,0,0,0,-2,10198,28773,18031,13127,0,0,18808,1200,263,0,0,0
1,0,230000,1,1,41,1,-1,-1,-1,-1,-1,0,1482,2140,2360,2620,0,1482,2140,2560,2620,0,0
0,0,260000,0,2,41,-1,-1,-1,-1,-1,-1,2699,3543,500,3540,2957,917,3543,505,3540,2957,917,0
1,0,50000,1,2,43,0,0,0,0,0,0,39722,40759,43096,44151,3361,3593,1700,3000,2350,1000,286,1000
1,1,50000,0,2,34,-1,0,0,0,0,0,33436,31231,30994,20244,12135,12270,2005,2005,2716,1000,911,500
0,0,80000,0,3,31,0,0,2,0,0,0,56195,60067,58535,59730,61236,70617,4808,0,2169,2500,10400,0
0,0,180000,1,2,43,-1,-1,-1,-1,-1,-1,2745,3873,3275,2347,3020,2193,3884,3284,2354,3029,2199,12553
1,1,440000,0,2,34,0,0,-1,0,0,0,6480,7265,444912,218064,222734,227445,1000,226848,8300,8300,8300,8300
0,1,90000,0,2,24,2,0,0,2,0,0,89346,89466,93755,89706,89221,91596,4100,8245,0,3450,7200,0
1,1,600000,0,2,30,0,0,0,0,0,0,501499,510470,520492,525749,480722,460068,19500,20462,19445,17348,16536,16845
1,0,30000,0,2,21,2,0,0,2,-1,-1,23243,24394,25693,25760,165,0,1704,2168,1000,165,0,0
0,1,30000,1,2,25,2,0,0,0,0,0,29608,27471,29075,26011,13900,0,1600,3000,1200,139,0,0
1,0,60000,0,2,26,0,0,0,0,2,2,48867,49979,51316,54046,55036,53985,2200,2470,4200,2000,0,6200
0,0,260000,1,1,37,0,0,0,0,0,0,244736,249018,253704,255353,175022,130299,10000,10000,5000,5000,5000,3200
0,0,30000,0,2,24,0,0,0,0,2,2,20367,21882,22929,25433,26228,25679,2000,1696,3200,1500,0,4306
0,0,330000,0,2,36,0,0,0,0,0,0,257156,257576,256014,245244,239441,242025,10037,10109,10053,10014,9001,9001
0,1,480000,0,2,35,-1,2,-1,-1,2,0,18214,11031,182123,188956,179179,181746,0,182123,12960,0,9000,50000
0,0,90000,1,2,24,0,0,0,0,0,0,86724,91394,78767,74007,29480,27941,7016,3800,2406,595,570,67
0,0,120000,1,1,31,2,0,0,2,0,0,25719,29961,32451,31630,34115,36551,5000,3000,0,3000,3000,4000
0,0,230000,0,1,66,1,-2,-2,-2,-2,-2,0,0,0,0,0,0,0,0,0,0,0,142
0,1,360000,0,1,26,-1,-1,-1,-1,-1,-1,7142,44008,21715,5064,9147,6068,44234,21823,5089,9192,6098,16495
0,0,500000,1,2,33,0,0,0,0,0,0,134503,114682,124240,131006,137911,119343,20031,20029,20058,20127,10000,10027
1,1,180000,1,3,43,-1,-1,-1,-1,-1,-1,3690,15618,4685,238,218,6690,15682,4699,238,218,6710,11949
0,0,50000,1,2,25,0,0,0,0,0,0,42238,43259,35307,23096,18970,19514,1807,1405,1366,1000,1000,1000
0,0,120000,1,3,36,-1,0,0,0,0,0,31218,32319,32687,32972,33559,34604,2000,1600,1200,1500,2000,1500
0,0,370000,0,3,29,-1,-1,-1,-2,-2,-2,28397,19340,-400,-1900,-1900,-1900,19438,7,0,0,0,0
1,0,80000,0,2,25,2,3,2,2,2,2,69602,67930,72205,73116,74801,73444,0,6000,2700,3000,0,5300
0,0,130000,1,2,29,0,0,0,-2,-2,-2,30857,43333,0,0,0,0,13333,0,0,0,0,0
0,0,210000,0,1,29,-1,-1,-1,-1,-1,2,871,27371,871,871,2042,1021,27371,871,871,2042,0,1666
0,0,180000,0,1,30,-2,-2,-2,-2,-2,-2,50055,5320,9758,6494,32830,3267,5320,10008,6500,32830,3267,2650
1,0,80000,0,2,30,0,0,0,0,0,0,11976,10010,10982,11325,11569,10303,1185,1157,500,400,500,5000
1,0,50000,1,1,36,1,2,0,0,-2,-2,49395,50058,50753,0,0,0,1776,2374,0,0,0,0
0,0,120000,1,1,30,-2,-2,-2,-2,-2,-2,0,0,0,0,0,0,0,0,0,0,0,0
1,0,20000,1,2,24,3,2,0,0,-1,-1,18937,18350,18918,19323,13180,5200,0,1251,656,13180,5200,0
1,1,180000,1,2,26,3,2,2,0,0,2,129728,132185,126527,126407,131572,127154,6006,5,5008,10006,10,5004
0,1,100000,0,2,27,-1,-1,-1,-2,-2,-2,11540,1300,0,0,0,0,1303,0,0,0,0,0
1,1,150000,0,1,33,2,2,2,2,2,2,105610,106885,108706,105470,111687,113747,4500,5000,0,8000,4000,4700
0,0,30000,1,2,21,0,0,0,0,0,0,26587,25917,17072,15994,12017,5614,1385,1270,367,336,112,0
0,0,140000,0,2,40,-2,-2,-2,-2,-2,-2,0,1887,0,0,0,0,1887,0,0,0,0,0
0,0,30000,0,1,26,-1,-1,-1,-1,-1,-1,2089,780,1152,780,2678,1225,780,1152,780,2678,1544,1588
0,0,50000,0,2,22,-2,-1,0,0,0,0,836,10214,10057,9221,8808,3861,10214,2000,0,423,3861,3665
0,0,50000,1,2,37,0,0,0,0,0,0,50148,50522,50073,49130,48658,0,2064,2005,1367,1700,0,0
0,0,70000,1,2,31,0,0,0,0,0,0,61177,62076,63806,126005,66451,20200,5300,3500,2154,7800,555,1000
1,1,170000,0,2,45,0,0,0,0,0,0,169625,169944,169829,162988,125969,127643,6081,6336,5205,4452,4592,4677
0,0,20000,1,3,35,-1,3,2,0,0,0,8918,8634,8280,11500,9000,0,0,0,4000,7000,0,0
1,1,170000,1,2,27,0,0,0,0,0,0,169106,141998,134212,133450,127020,123490,5000,5508,5915,3000,4000,4000
1,0,50000,0,2,43,1,2,0,0,0,0,48777,47331,48010,24331,25553,26733,0,2000,1000,2000,2000,2000
1,0,340000,1,2,35,1,-2,-2,-2,-2,-2,-6,-6,-6,-6,-6,-6,0,0,0,0,0,0
0,0,160000,0,1,42,-2,-2,-2,-2,-2,-2,0,0,0,0,741,0,0,0,0,741,0,0
0,1,140000,0,1,28,0,0,0,0,2,2,123662,124785,128906,137279,140419,142254,4600,6200,12000,5500,5300,0
0,0,210000,0,2,30,-1,0,0,0,0,0,1654,33257,34395,35321,36249,37047,32000,2000,1500,1500,1400,1600
0,0,20000,1,1,33,0,0,0,2,0,0,16117,17130,18655,17687,18023,18169,1285,2200,0,1000,1000,500
0,0,440000,0,5,32,0,0,0,0,0,0,324469,324109,287932,287892,276902,221866,11129,10300,11098,11200,12000,131400
0,0,180000,0,2,48,-1,-1,-1,-1,-2,-2,4498,-2,760,0,0,245,0,762,0,0,245,884
1,0,20000,1,1,52,0,0,-1,-1,-1,0,21192,19965,390,390,780,780,1600,390,390,780,0,10400
0,0,20000,1,2,47,1,2,2,0,0,0,8198,6465,5450,4427,2661,895,300,1000,1000,0,0,3386
0,0,300000,1,1,29,1,-2,-2,-2,-2,-2,0,0,0,0,0,0,0,0,0,0,0,0
0,0,200000,0,2,28,-1,-1,-2,-2,-2,-2,1243,0,0,0,0,0,0,0,0,0,0,1434
1,0,340000,0,2,36,2,0,0,0,0,0,337981,344920,18921,21205,19810,13586,17181,2000,10000,5000,3000,1000
0,0,50000,0,2,44,0,0,0,0,-1,-1,49006,49139,47608,3990,390,0,2000,1000,3600,390,0,4870
1,0,150000,0,3,48,2,2,2,2,2,2,84647,76858,62650,59255,45983,52986,5950,0,10000,0,20000,0
1,1,70000,1,1,36,2,2,2,2,2,2,50016,48941,51809,50675,54839,53803,0,4000,0,5000,0,4000
0,0,50000,1,3,47,1,-2,-2,-2,-2,-2,0,0,0,0,0,0,0,0,0,0,0,0
0,0,200000,0,2,29,-1,-1,-1,-1,-1,-1,779,860,496,2755,2048,2318,860,496,2763,2048,2318,3311
0,0,150000,1,3,32,0,0,0,0,0,0,150201,125858,105266,51456,35288,29818,5039,4030,1500,706,1000,0
0,0,180000,0,3,34,1,-2,-2,-2,-1,-1,3700,4696,3763,-3,3667,1598,4696,3763,3,3670,1799,0
0,0,80000,0,6,51,0,0,0,0,-1,0,9747,7592,7420,1467,7505,3837,1203,1020,1467,7505,135,61
0,0,180000,1,3,40,0,0,0,-1,0,0,105918,81091,-1659,111077,112738,115746,4400,0,112736,5000,5300,5000
0,0,50000,0,2,36,-2,-2,-2,-2,-1,-1,3477,1909,1726,991,5777,5968,1909,1726,991,5782,5968,2045
1,0,200000,1,1,28,-1,-1,-1,-1,-1,-1,508,10680,1190,527,4524,5522,10712,1194,527,4537,5538,3883
0,0,50000,0,3,31,0,0,0,0,0,0,39072,40283,37269,27880,27935,26314,1914,1900,1478,1172,2005,1000
0,0,20000,1,2,24,0,0,0,0,0,2,15110,16548,17443,16216,18027,12364,2000,1500,1500,2000,0,1000
0,0,210000,1,2,31,-1,-1,-1,-1,-1,0,326,326,326,326,652,326,326,326,326,652,0,326
0,0,70000,1,2,34,-2,-2,-1,0,0,0,58875,0,72772,39980,40126,39788,0,72772,1400,1500,1500,1600
0,0,30000,0,3,48,0,0,0,0,0,0,25615,26950,27899,29614,30127,29646,1751,1700,2500,1000,2000,4034
0,0,500000,0,2,39,-1,-1,-1,-1,-1,-1,36550,18752,22376,39018,4233,397,18795,22398,39041,4233,397,28337
0,0,60000,1,2,44,0,0,0,0,0,0,58216,60193,57815,50054,27535,22962,3000,2488,2000,1000,2000,3000
1,1,30000,0,3,23,0,0,0,0,-1,-1,2277,3158,4080,5080,150,178,1078,1000,1000,150,178,300
0,0,130000,1,1,27,-1,-1,2,0,0,-2,2207,2499,1248,922,-693,-2292,3747,0,0,0,0,10000
0,0,90000,1,2,28,0,0,0,0,0,0,55779,51886,52495,47727,44404,35768,2100,2166,1400,1534,1300,665
0,0,210000,1,1,39,-1,-1,-1,0,0,0,22861,6437,61813,59024,63483,58991,6536,72037,5015,12000,5000,5000
1,0,180000,1,3,58,2,2,2,2,2,2,36086,37196,36322,38808,39474,40297,2000,0,3405,1600,1600,1700
0,0,300000,0,1,35,-1,-1,-1,-1,-1,-1,103,344,891,889,889,739,344,891,889,889,739,1807
0,0,50000,0,2,47,2,2,2,2,2,2,43439,44769,43781,45021,28660,27807,2341,0,2554,0,1800,0
0,0,190000,1,3,54,1,-2,-2,-1,0,-1,-596,-1072,-1548,40733,10876,2907,0,0,43500,2000,2907,3000
0,0,50000,0,1,24,-1,-1,-1,-1,-1,-1,629,351,784,696,800,341,351,789,699,910,341,210
0,0,230000,1,1,45,0,0,0,0,0,0,43885,44926,45941,46853,47834,48942,1749,1764,1676,1735,1902,2189
0,0,360000,0,2,29,1,-1,2,-1,-1,-1,0,828,414,414,414,414,1244,2,416,416,416,600
1,1,140000,0,2,24,0,0,0,0,0,0,34814,35806,36823,36285,36683,37150,1887,3000,1580,1294,1355,5000
0,0,70000,0,1,24,0,0,0,2,2,2,47220,48432,52650,53099,51648,55409,2000,5000,1900,0,4600,0
0,1,150000,0,2,30,0,0,0,2,2,2,61785,63150,68125,66432,73312,72015,3000,6000,0,8023,0,5700
0,0,30000,0,3,24,-1,-1,-1,-1,-1,-1,4882,14630,6323,2870,1485,3926,14630,6485,2870,1485,3926,0
1,0,160000,0,2,30,0,0,0,0,0,0,136053,86746,86019,87990,87186,84373,3528,3500,3500,4000,3500,3500
0,0,180000,0,1,30,-1,-1,-1,-1,-2,-1,1650,196,2500,0,0,3650,196,2500,0,0,3650,3859
0,0,150000,0,1,26,2,2,2,2,2,0,69716,72156,70507,59123,39386,20561,5211,111,2371,0,702,341
1,1,500000,0,1,39,0,0,0,0,0,0,358020,360047,369045,382231,204593,211655,15000,15000,20000,10000,10000,10000
0,0,70000,0,2,27,0,0,0,0,2,0,47938,49638,51005,54141,52676,53871,2500,2464,4600,0,2200,2180
0,0,100000,1,1,35,0,0,0,0,0,0,45124,46168,47160,98775,49513,53433,1730,1722,3214,2119,5064,0
1,0,90000,0,2,32,3,2,2,2,0,0,27565,28613,29364,28596,30120,31285,1800,1500,0,2000,1650,1000
0,0,160000,1,2,30,1,-2,-2,-2,-2,-2,0,0,0,0,0,0,0,0,0,0,0,679
1,0,30000,1,2,36,-1,-1,2,-1,-1,-1,3024,3462,390,240,2150,780,3462,0,240,2300,780,0
0,0,320000,1,2,55,0,0,0,0,0,0,235477,216433,203354,117272,38591,28400,11000,8600,5000,1900,960,2500
0,0,320000,1,2,39,0,0,-1,-1,0,0,310243,0,189018,131916,258800,96900,0,189018,132846,130400,193800,45313
0,0,20000,1,1,23,-1,-1,-1,-1,-1,-1,14697,11983,4098,14899,10170,7151,12483,4098,14899,10170,427,0
0,0,110000,0,2,33,0,0,0,0,-1,-1,36075,39442,41240,42380,380,96736,4000,2760,3000,380,96736,3600
0,0,20000,1,3,29,0,0,0,0,0,0,11455,12866,5596,7337,8063,8769,2000,1500,2000,1000,1000,2100
0,0,490000,1,2,50,0,0,0,0,0,0,205873,210880,215628,217883,223541,224889,10000,10000,10000,10000,8000,10000
0,1,230000,0,2,46,-1,-1,-1,-1,-1,-1,782,316,0,632,316,2398,316,0,632,316,2398,1783
1,0,50000,1,2,43,0,0,0,0,0,0,50785,48709,50981,45793,46555,38816,3000,4414,1500,1042,2000,0
1,0,260000,0,1,30,0,0,0,0,0,0,162241,137320,126479,110217,102703,84519,5045,8016,5000,4000,4014,3000
0,0,130000,1,1,27,1,2,2,2,-2,-1,60024,58104,54976,-3518,-1285,1601,4000,0,1580,1580,3202,0
0,0,500000,0,2,42,0,0,-2,-2,-2,-2,149838,0,0,0,0,0,0,0,0,0,0,0
1,0,20000,0,2,24,2,3,2,2,2,2,12764,12267,13266,12756,13801,13439,0,1500,0,1259,0,1200
0,0,170000,0,2,43,0,0,0,0,0,0,38137,39135,39872,40693,41334,42118,1934,1671,1657,1463,1666,1529
0,0,260000,0,3,41,0,0,0,2,2,0,137614,137133,134970,88806,86858,89970,5700,9000,4500,0,5000,3700
0,0,500000,0,2,29,0,0,0,0,0,0,433792,396009,335873,320755,316650,318228,13678,12021,11428,10871,11736,10699
0,0,140000,0,2,31,-2,-2,-2,-2,-2,-2,518,518,518,518,518,668,518,518,518,518,668,518
0,0,150000,0,3,40,-2,-2,-2,-2,-2,-2,0,0,0,0,0,4095,0,0,0,0,4095,0
0,0,360000,1,1,49,-1,-1,-1,-1,-1,0,1050,390,390,750,930,540,390,390,750,930,150,540
0,0,200000,0,1,49,-1,-1,-1,-1,-1,-1,950,950,950,950,0,1900,950,950,950,0,1900,950
0,0,130000,0,2,30,-1,-1,2,-1,0,-1,396,792,396,792,396,396,792,0,792,0,396,396
0,0,270000,0,4,42,-2,-2,-2,-2,-2,-2,14352,1843,9190,2072,637,238,1859,9190,2072,637,238,0
0,0,500000,1,1,35,-1,-1,-1,-2,-1,-1,6257,10445,7009,12515,8037,7944,10492,7114,12587,8071,7978,13896
0,0,20000,1,3,48,1,2,2,0,0,0,16434,17452,16879,17059,17263,17675,1577,0,757,628,700,2488
0,0,20000,1,2,26,1,2,2,2,0,0,16167,15615,18047,17322,17122,0,0,3000,0,0,0,0
1,0,410000,0,1,30,-2,-2,-2,-2,-2,-2,0,8417,0,2830,0,0,8417,0,2830,0,0,500
0,0,150000,0,2,27,0,0,0,0,0,0,61162,50928,47542,46644,31595,24473,3000,5000,5065,5000,2000,5000
0,1,310000,1,2,36,0,0,0,0,0,0,32782,33587,39572,44598,50570,64916,11406,10773,10819,15766,20645,5000
1,1,30000,1,2,49,0,0,2,2,0,0,12855,16012,16453,15891,16224,16710,3690,1000,0,589,756,1500
0,0,300000,1,3,32,-1,-1,-1,0,0,-1,590,2635,1461,3242,-80,720,2635,1461,2000,0,800,15
0,0,60000,0,2,34,1,2,0,0,0,0,64684,63036,60031,27725,28282,30268,0,2459,1433,990,2419,0
0,0,230000,0,2,38,-2,-2,-2,-2,-2,-2,12696,9883,2035,6337,3388,2132,9883,2035,6337,3388,2132,2204
0,0,110000,1,1,26,0,0,0,0,0,0,64767,67724,49104,51202,50289,50528,6000,2000,3000,2000,2000,3000
0,0,190000,0,2,33,1,-2,-2,-2,-2,-2,-2500,-3000,-3000,-3000,-3000,-3000,0,0,0,0,0,0
0,0,80000,0,2,47,0,0,0,0,0,0,78849,27733,28009,28977,28756,28962,1433,1489,1457,1016,1046,1211
0,0,170000,1,2,52,3,2,2,-2,-1,-1,2184,1990,0,0,3955,1278,0,0,0,3955,1278,1316
0,1,200000,0,1,30,0,0,0,0,0,0,196845,189104,183255,147612,148088,99985,8990,7000,5500,6000,4220,3610
1,0,20000,0,1,24,0,0,0,0,0,0,19403,18989,18914,19883,19293,19993,1300,1332,1301,700,1000,900
0,1,80000,1,3,38,0,0,0,0,0,0,79135,75786,76280,71790,49835,48880,3006,4009,3006,1879,2000,2144
1,0,370000,0,1,46,-1,-1,-1,0,0,-1,26555,1572,166229,168601,171018,600,1572,166235,3372,4018,600,600
0,0,260000,0,2,56,0,0,-2,-2,-1,0,2338,0,0,0,58,1058,0,0,0,58,1000,1000
1,1,230000,0,2,29,2,2,2,0,0,0,232044,236365,229553,190525,192974,186407,9500,0,6829,7300,7000,7000
0,0,50000,0,1,23,-1,-1,-1,0,-1,-1,1300,628,4050,3050,1243,865,628,4050,0,1243,865,3000
0,0,80000,0,3,40,-1,2,-1,-1,-1,-1,780,390,390,25190,390,390,0,390,25190,390,390,9278
0,0,10000,0,1,22,0,0,2,0,0,0,6967,9199,8908,9676,9680,8343,2523,0,1000,4,167,3535
0,0,360000,1,2,44,-1,-1,-1,-1,-1,-1,5101,9358,15452,9990,6515,5694,9419,15485,9995,6515,5694,12785
0,0,70000,1,2,24,0,0,0,0,0,0,49169,48960,49864,48481,46946,47958,1840,1744,2001,2000,1800,1706
1,1,180000,1,1,38,2,2,2,2,2,2,47276,49256,50186,51102,52178,53213,3000,2000,2000,2000,2000,2100
0,0,140000,0,2,24,2,2,2,0,0,0,38661,42699,41739,43730,45687,46796,5000,0,3000,3000,2000,4093
0,0,360000,0,1,32,1,-2,-2,-1,-1,-1,0,0,0,499,1113,392,0,0,499,1113,392,455
0,1,80000,0,2,41,-1,2,2,2,2,2,66053,67397,68193,69465,70545,72233,3000,2500,3000,2500,3000,0
0,1,80000,1,1,24,-1,0,-1,2,-1,0,2130,3100,173,173,3435,11962,1010,173,0,3438,10004,5500
0,0,80000,0,2,30,0,0,0,0,0,0,5123,7864,9701,8969,8529,8737,3000,2005,1013,1000,350,500
0,0,20000,0,2,52,0,0,2,0,0,0,8586,10041,10571,10995,11169,11979,1600,1000,600,500,1000,500
0,0,30000,0,2,22,0,-1,-1,0,0,-1,3077,390,1946,2503,0,780,390,1946,1000,0,780,1160
0,0,110000,0,2,29,0,0,0,0,0,0,60101,61589,60822,62306,63768,65239,2505,2500,2500,2500,2500,2640
1,0,230000,0,2,31,0,0,-2,-1,0,0,4908,0,0,51750,51295,53257,0,0,52066,2000,3000,3000
1,0,40000,1,2,31,0,0,0,0,0,0,37408,37681,37987,37100,37098,37846,1931,1888,1458,1489,1510,1505
0,1,260000,0,2,27,-1,-1,-1,-1,-1,-1,208,208,208,208,208,208,208,208,208,208,208,208
1,1,50000,1,2,34,0,-1,0,0,0,0,48973,50601,49805,27605,29447,30045,91000,1200,600,29057,1076,1300
1,1,80000,1,2,27,2,2,0,0,0,0,58324,56789,58276,60102,61423,72197,0,2400,3000,2500,11576,39
0,0,50000,1,2,43,-1,2,-1,-1,2,-1,780,390,390,650,260,520,0,390,650,0,800,800
0,0,20000,1,2,31,-1,-1,-1,2,-1,-1,390,390,780,390,806,19103,390,780,0,806,19103,1000
0,0,310000,0,3,27,0,0,0,0,0,0,83756,86353,90960,89993,92229,94473,4000,6000,3000,3000,3000,3000
0,0,50000,1,2,38,0,0,0,0,0,0,48797,47153,43238,17253,16307,16651,1864,1811,594,587,1000,1000
1,1,190000,1,3,41,0,0,0,0,0,0,30425,31419,32450,33458,34122,34833,1467,1498,1506,1170,1209,1215
0,0,90000,1,3,49,2,2,2,2,2,2,74766,76470,77514,78730,80316,82321,3500,2900,3100,3000,3500,6500
1,0,110000,0,1,29,0,0,0,2,0,0,107336,107195,109443,106637,106665,92417,5320,7845,4000,4000,3500,9500
0,0,200000,1,2,28,-1,0,0,0,0,0,11445,12379,12187,7402,10827,11351,5013,3038,3007,5005,2056,2826
0,0,50000,0,2,35,0,0,0,0,0,0,34265,34175,33392,28340,24384,22643,2000,2000,2000,2000,1000,1000
1,0,170000,1,2,27,-1,-1,-1,-1,-1,-1,416,416,416,416,416,416,416,416,416,416,416,416
1,0,30000,1,2,27,0,0,0,0,0,0,10410,11431,12439,12530,12790,12891,1495,1503,594,610,462,478
0,0,470000,0,1,46,0,0,0,2,0,0,42974,45277,54321,52932,46712,45537,3000,10000,0,6000,5000,10000
0,0,250000,1,1,36,-1,-1,-1,-1,0,0,5992,0,1400,79181,29172,14816,0,1400,79181,10000,0,4176
0,0,80000,0,1,23,-1,-1,-1,-1,-1,-1,740,8956,836,836,836,836,9052,836,836,836,836,3590
1,0,150000,1,5,24,0,0,-1,0,0,0,10459,11445,122175,111847,76628,64200,2516,122685,3328,2230,2062,1891
1,0,50000,1,2,43,0,0,0,0,0,0,39722,40759,43096,44151,3361,3593,1700,3000,2350,1000,286,1000
0,0,120000,1,2,30,0,0,0,0,0,0,98440,100802,104378,106651,108362,96168,4000,5200,5500,5000,5000,5000
0,0,230000,0,2,28,0,0,0,0,0,-1,7865,12377,12543,13713,17960,650,5000,2000,1500,5000,650,0
