"filename","DGPid","trueATE"
"high1",3,-0.800000000000001
"high10",15,-0.16058
"high100",3,-0.800000000000001
"high1000",1,0.2
"high1001",15,-0.16058
"high1002",6,-1.1039
"high1003",6,-1.1039
"high1004",14,61.11
"high1005",6,-1.1039
"high1006",9,12.62
"high1007",16,1
"high1008",1,0.2
"high1009",7,0
"high101",16,1
"high1010",11,10.77
"high1011",10,9.134
"high1012",14,61.11
"high1013",16,1
"high1014",15,-0.16058
"high1015",5,-0.3429
"high1016",11,10.77
"high1017",16,1
"high1018",14,61.11
"high1019",2,0.8
"high102",3,-0.800000000000001
"high1020",8,-1.432
"high1021",8,-1.432
"high1022",2,0.8
"high1023",10,9.134
"high1024",14,61.11
"high1025",12,-3.159
"high1026",2,0.8
"high1027",3,-0.800000000000001
"high1028",8,-1.432
"high1029",11,10.77
"high103",13,-0.8486
"high1030",5,-0.3429
"high1031",10,9.134
"high1032",2,0.8
"high1033",13,-0.8486
"high1034",2,0.8
"high1035",14,61.11
"high1036",7,0
"high1037",3,-0.800000000000001
"high1038",13,-0.8486
"high1039",9,12.62
"high104",13,-0.8486
"high1040",10,9.134
"high1041",2,0.8
"high1042",13,-0.8486
"high1043",5,-0.3429
"high1044",11,10.77
"high1045",8,-1.432
"high1046",15,-0.16058
"high1047",15,-0.16058
"high1048",9,12.62
"high1049",1,0.2
"high105",6,-1.1039
"high1050",12,-3.159
"high1051",9,12.62
"high1052",11,10.77
"high1053",2,0.8
"high1054",2,0.8
"high1055",4,2.1
"high1056",5,-0.3429
"high1057",1,0.2
"high1058",4,2.1
"high1059",13,-0.8486
"high106",4,2.1
"high1060",15,-0.16058
"high1061",11,10.77
"high1062",3,-0.800000000000001
"high1063",7,0
"high1064",8,-1.432
"high1065",14,61.11
"high1066",14,61.11
"high1067",3,-0.800000000000001
"high1068",14,61.11
"high1069",13,-0.8486
"high107",7,0
"high1070",12,-3.159
"high1071",5,-0.3429
"high1072",8,-1.432
"high1073",12,-3.159
"high1074",16,1
"high1075",12,-3.159
"high1076",14,61.11
"high1077",1,0.2
"high1078",3,-0.800000000000001
"high1079",9,12.62
"high108",14,61.11
"high1080",3,-0.800000000000001
"high1081",7,0
"high1082",13,-0.8486
"high1083",13,-0.8486
"high1084",3,-0.800000000000001
"high1085",12,-3.159
"high1086",3,-0.800000000000001
"high1087",14,61.11
"high1088",11,10.77
"high1089",8,-1.432
"high109",13,-0.8486
"high1090",1,0.2
"high1091",10,9.134
"high1092",11,10.77
"high1093",16,1
"high1094",5,-0.3429
"high1095",1,0.2
"high1096",8,-1.432
"high1097",9,12.62
"high1098",15,-0.16058
"high1099",16,1
"high11",2,0.8
"high110",1,0.2
"high1100",8,-1.432
"high1101",6,-1.1039
"high1102",11,10.77
"high1103",2,0.8
"high1104",6,-1.1039
"high1105",4,2.1
"high1106",1,0.2
"high1107",9,12.62
"high1108",14,61.11
"high1109",12,-3.159
"high111",12,-3.159
"high1110",13,-0.8486
"high1111",16,1
"high1112",15,-0.16058
"high1113",9,12.62
"high1114",16,1
"high1115",2,0.8
"high1116",4,2.1
"high1117",9,12.62
"high1118",8,-1.432
"high1119",12,-3.159
"high112",5,-0.3429
"high1120",12,-3.159
"high1121",2,0.8
"high1122",12,-3.159
"high1123",2,0.8
"high1124",3,-0.800000000000001
"high1125",7,0
"high1126",7,0
"high1127",10,9.134
"high1128",13,-0.8486
"high1129",3,-0.800000000000001
"high113",13,-0.8486
"high1130",7,0
"high1131",13,-0.8486
"high1132",9,12.62
"high1133",1,0.2
"high1134",2,0.8
"high1135",5,-0.3429
"high1136",2,0.8
"high1137",9,12.62
"high1138",10,9.134
"high1139",9,12.62
"high114",4,2.1
"high1140",10,9.134
"high1141",13,-0.8486
"high1142",15,-0.16058
"high1143",11,10.77
"high1144",5,-0.3429
"high1145",2,0.8
"high1146",9,12.62
"high1147",4,2.1
"high1148",16,1
"high1149",12,-3.159
"high115",12,-3.159
"high1150",1,0.2
"high1151",6,-1.1039
"high1152",10,9.134
"high1153",14,61.11
"high1154",15,-0.16058
"high1155",13,-0.8486
"high1156",9,12.62
"high1157",13,-0.8486
"high1158",7,0
"high1159",2,0.8
"high116",4,2.1
"high1160",15,-0.16058
"high1161",6,-1.1039
"high1162",6,-1.1039
"high1163",8,-1.432
"high1164",9,12.62
"high1165",12,-3.159
"high1166",15,-0.16058
"high1167",11,10.77
"high1168",12,-3.159
"high1169",13,-0.8486
"high117",15,-0.16058
"high1170",13,-0.8486
"high1171",8,-1.432
"high1172",4,2.1
"high1173",9,12.62
"high1174",15,-0.16058
"high1175",11,10.77
"high1176",14,61.11
"high1177",8,-1.432
"high1178",10,9.134
"high1179",4,2.1
"high118",5,-0.3429
"high1180",2,0.8
"high1181",2,0.8
"high1182",12,-3.159
"high1183",16,1
"high1184",15,-0.16058
"high1185",9,12.62
"high1186",3,-0.800000000000001
"high1187",12,-3.159
"high1188",7,0
"high1189",11,10.77
"high119",15,-0.16058
"high1190",5,-0.3429
"high1191",16,1
"high1192",8,-1.432
"high1193",6,-1.1039
"high1194",16,1
"high1195",4,2.1
"high1196",3,-0.800000000000001
"high1197",15,-0.16058
"high1198",11,10.77
"high1199",6,-1.1039
"high12",4,2.1
"high120",1,0.2
"high1200",14,61.11
"high1201",6,-1.1039
"high1202",4,2.1
"high1203",12,-3.159
"high1204",6,-1.1039
"high1205",16,1
"high1206",7,0
"high1207",16,1
"high1208",13,-0.8486
"high1209",12,-3.159
"high121",9,12.62
"high1210",7,0
"high1211",10,9.134
"high1212",9,12.62
"high1213",15,-0.16058
"high1214",13,-0.8486
"high1215",12,-3.159
"high1216",2,0.8
"high1217",15,-0.16058
"high1218",8,-1.432
"high1219",3,-0.800000000000001
"high122",5,-0.3429
"high1220",10,9.134
"high1221",13,-0.8486
"high1222",16,1
"high1223",7,0
"high1224",1,0.2
"high1225",9,12.62
"high1226",14,61.11
"high1227",7,0
"high1228",12,-3.159
"high1229",9,12.62
"high123",1,0.2
"high1230",5,-0.3429
"high1231",12,-3.159
"high1232",16,1
"high1233",2,0.8
"high1234",15,-0.16058
"high1235",7,0
"high1236",6,-1.1039
"high1237",7,0
"high1238",9,12.62
"high1239",15,-0.16058
"high124",8,-1.432
"high1240",7,0
"high1241",2,0.8
"high1242",3,-0.800000000000001
"high1243",11,10.77
"high1244",14,61.11
"high1245",15,-0.16058
"high1246",6,-1.1039
"high1247",12,-3.159
"high1248",10,9.134
"high1249",16,1
"high125",10,9.134
"high1250",12,-3.159
"high1251",14,61.11
"high1252",10,9.134
"high1253",10,9.134
"high1254",16,1
"high1255",7,0
"high1256",6,-1.1039
"high1257",6,-1.1039
"high1258",13,-0.8486
"high1259",5,-0.3429
"high126",13,-0.8486
"high1260",7,0
"high1261",8,-1.432
"high1262",1,0.2
"high1263",5,-0.3429
"high1264",10,9.134
"high1265",8,-1.432
"high1266",12,-3.159
"high1267",1,0.2
"high1268",14,61.11
"high1269",3,-0.800000000000001
"high127",9,12.62
"high1270",6,-1.1039
"high1271",6,-1.1039
"high1272",14,61.11
"high1273",8,-1.432
"high1274",9,12.62
"high1275",16,1
"high1276",1,0.2
"high1277",7,0
"high1278",6,-1.1039
"high1279",15,-0.16058
"high128",8,-1.432
"high1280",12,-3.159
"high1281",7,0
"high1282",4,2.1
"high1283",1,0.2
"high1284",2,0.8
"high1285",16,1
"high1286",16,1
"high1287",7,0
"high1288",7,0
"high1289",5,-0.3429
"high129",7,0
"high1290",7,0
"high1291",11,10.77
"high1292",4,2.1
"high1293",10,9.134
"high1294",1,0.2
"high1295",1,0.2
"high1296",16,1
"high1297",5,-0.3429
"high1298",1,0.2
"high1299",11,10.77
"high13",3,-0.800000000000001
"high130",5,-0.3429
"high1300",15,-0.16058
"high1301",4,2.1
"high1302",11,10.77
"high1303",13,-0.8486
"high1304",9,12.62
"high1305",11,10.77
"high1306",3,-0.800000000000001
"high1307",2,0.8
"high1308",16,1
"high1309",13,-0.8486
"high131",4,2.1
"high1310",11,10.77
"high1311",4,2.1
"high1312",15,-0.16058
"high1313",16,1
"high1314",4,2.1
"high1315",2,0.8
"high1316",1,0.2
"high1317",5,-0.3429
"high1318",3,-0.800000000000001
"high1319",12,-3.159
"high132",15,-0.16058
"high1320",14,61.11
"high1321",1,0.2
"high1322",6,-1.1039
"high1323",12,-3.159
"high1324",9,12.62
"high1325",6,-1.1039
"high1326",6,-1.1039
"high1327",5,-0.3429
"high1328",10,9.134
"high1329",11,10.77
"high133",13,-0.8486
"high1330",11,10.77
"high1331",10,9.134
"high1332",4,2.1
"high1333",8,-1.432
"high1334",3,-0.800000000000001
"high1335",10,9.134
"high1336",14,61.11
"high1337",7,0
"high1338",8,-1.432
"high1339",4,2.1
"high134",13,-0.8486
"high1340",10,9.134
"high1341",6,-1.1039
"high1342",8,-1.432
"high1343",11,10.77
"high1344",10,9.134
"high1345",11,10.77
"high1346",14,61.11
"high1347",8,-1.432
"high1348",11,10.77
"high1349",14,61.11
"high135",16,1
"high1350",5,-0.3429
"high1351",13,-0.8486
"high1352",4,2.1
"high1353",7,0
"high1354",1,0.2
"high1355",16,1
"high1356",14,61.11
"high1357",13,-0.8486
"high1358",3,-0.800000000000001
"high1359",10,9.134
"high136",10,9.134
"high1360",11,10.77
"high1361",9,12.62
"high1362",12,-3.159
"high1363",11,10.77
"high1364",8,-1.432
"high1365",13,-0.8486
"high1366",4,2.1
"high1367",7,0
"high1368",1,0.2
"high1369",4,2.1
"high137",1,0.2
"high1370",10,9.134
"high1371",14,61.11
"high1372",16,1
"high1373",3,-0.800000000000001
"high1374",13,-0.8486
"high1375",10,9.134
"high1376",14,61.11
"high1377",9,12.62
"high1378",3,-0.800000000000001
"high1379",14,61.11
"high138",1,0.2
"high1380",2,0.8
"high1381",6,-1.1039
"high1382",3,-0.800000000000001
"high1383",9,12.62
"high1384",2,0.8
"high1385",1,0.2
"high1386",5,-0.3429
"high1387",14,61.11
"high1388",7,0
"high1389",13,-0.8486
"high139",15,-0.16058
"high1390",1,0.2
"high1391",6,-1.1039
"high1392",16,1
"high1393",10,9.134
"high1394",16,1
"high1395",11,10.77
"high1396",2,0.8
"high1397",11,10.77
"high1398",10,9.134
"high1399",3,-0.800000000000001
"high14",1,0.2
"high140",1,0.2
"high1400",16,1
"high1401",8,-1.432
"high1402",1,0.2
"high1403",6,-1.1039
"high1404",16,1
"high1405",3,-0.800000000000001
"high1406",5,-0.3429
"high1407",15,-0.16058
"high1408",12,-3.159
"high1409",1,0.2
"high141",10,9.134
"high1410",2,0.8
"high1411",15,-0.16058
"high1412",12,-3.159
"high1413",5,-0.3429
"high1414",11,10.77
"high1415",8,-1.432
"high1416",16,1
"high1417",1,0.2
"high1418",4,2.1
"high1419",1,0.2
"high142",4,2.1
"high1420",5,-0.3429
"high1421",1,0.2
"high1422",10,9.134
"high1423",9,12.62
"high1424",13,-0.8486
"high1425",13,-0.8486
"high1426",7,0
"high1427",9,12.62
"high1428",9,12.62
"high1429",16,1
"high143",3,-0.800000000000001
"high1430",9,12.62
"high1431",14,61.11
"high1432",12,-3.159
"high1433",13,-0.8486
"high1434",12,-3.159
"high1435",13,-0.8486
"high1436",15,-0.16058
"high1437",5,-0.3429
"high1438",10,9.134
"high1439",1,0.2
"high144",16,1
"high1440",16,1
"high1441",2,0.8
"high1442",4,2.1
"high1443",12,-3.159
"high1444",15,-0.16058
"high1445",14,61.11
"high1446",9,12.62
"high1447",16,1
"high1448",10,9.134
"high1449",4,2.1
"high145",8,-1.432
"high1450",2,0.8
"high1451",8,-1.432
"high1452",2,0.8
"high1453",16,1
"high1454",4,2.1
"high1455",8,-1.432
"high1456",12,-3.159
"high1457",11,10.77
"high1458",15,-0.16058
"high1459",15,-0.16058
"high146",1,0.2
"high1460",12,-3.159
"high1461",3,-0.800000000000001
"high1462",10,9.134
"high1463",6,-1.1039
"high1464",2,0.8
"high1465",10,9.134
"high1466",5,-0.3429
"high1467",6,-1.1039
"high1468",7,0
"high1469",13,-0.8486
"high147",15,-0.16058
"high1470",14,61.11
"high1471",12,-3.159
"high1472",7,0
"high1473",12,-3.159
"high1474",15,-0.16058
"high1475",5,-0.3429
"high1476",14,61.11
"high1477",2,0.8
"high1478",3,-0.800000000000001
"high1479",2,0.8
"high148",16,1
"high1480",11,10.77
"high1481",10,9.134
"high1482",2,0.8
"high1483",2,0.8
"high1484",11,10.77
"high1485",11,10.77
"high1486",16,1
"high1487",6,-1.1039
"high1488",9,12.62
"high1489",15,-0.16058
"high149",6,-1.1039
"high1490",3,-0.800000000000001
"high1491",13,-0.8486
"high1492",7,0
"high1493",10,9.134
"high1494",13,-0.8486
"high1495",7,0
"high1496",9,12.62
"high1497",5,-0.3429
"high1498",9,12.62
"high1499",14,61.11
"high15",6,-1.1039
"high150",9,12.62
"high1500",15,-0.16058
"high1501",5,-0.3429
"high1502",11,10.77
"high1503",7,0
"high1504",9,12.62
"high1505",10,9.134
"high1506",10,9.134
"high1507",11,10.77
"high1508",11,10.77
"high1509",14,61.11
"high151",8,-1.432
"high1510",8,-1.432
"high1511",5,-0.3429
"high1512",12,-3.159
"high1513",3,-0.800000000000001
"high1514",14,61.11
"high1515",4,2.1
"high1516",1,0.2
"high1517",9,12.62
"high1518",1,0.2
"high1519",5,-0.3429
"high152",15,-0.16058
"high1520",2,0.8
"high1521",10,9.134
"high1522",3,-0.800000000000001
"high1523",14,61.11
"high1524",6,-1.1039
"high1525",4,2.1
"high1526",2,0.8
"high1527",9,12.62
"high1528",14,61.11
"high1529",9,12.62
"high153",15,-0.16058
"high1530",3,-0.800000000000001
"high1531",2,0.8
"high1532",16,1
"high1533",16,1
"high1534",13,-0.8486
"high1535",3,-0.800000000000001
"high1536",12,-3.159
"high1537",5,-0.3429
"high1538",8,-1.432
"high1539",12,-3.159
"high154",4,2.1
"high1540",8,-1.432
"high1541",8,-1.432
"high1542",9,12.62
"high1543",7,0
"high1544",16,1
"high1545",8,-1.432
"high1546",10,9.134
"high1547",5,-0.3429
"high1548",12,-3.159
"high1549",14,61.11
"high155",10,9.134
"high1550",16,1
"high1551",14,61.11
"high1552",15,-0.16058
"high1553",8,-1.432
"high1554",13,-0.8486
"high1555",15,-0.16058
"high1556",7,0
"high1557",14,61.11
"high1558",8,-1.432
"high1559",1,0.2
"high156",1,0.2
"high1560",1,0.2
"high1561",7,0
"high1562",11,10.77
"high1563",11,10.77
"high1564",8,-1.432
"high1565",9,12.62
"high1566",13,-0.8486
"high1567",5,-0.3429
"high1568",5,-0.3429
"high1569",4,2.1
"high157",11,10.77
"high1570",1,0.2
"high1571",5,-0.3429
"high1572",2,0.8
"high1573",8,-1.432
"high1574",12,-3.159
"high1575",12,-3.159
"high1576",11,10.77
"high1577",14,61.11
"high1578",13,-0.8486
"high1579",4,2.1
"high158",12,-3.159
"high1580",4,2.1
"high1581",14,61.11
"high1582",13,-0.8486
"high1583",2,0.8
"high1584",10,9.134
"high1585",7,0
"high1586",1,0.2
"high1587",16,1
"high1588",7,0
"high1589",7,0
"high159",15,-0.16058
"high1590",7,0
"high1591",3,-0.800000000000001
"high1592",8,-1.432
"high1593",6,-1.1039
"high1594",15,-0.16058
"high1595",6,-1.1039
"high1596",10,9.134
"high1597",15,-0.16058
"high1598",11,10.77
"high1599",10,9.134
"high16",16,1
"high160",4,2.1
"high1600",7,0
"high1601",51,0.146353197214364
"high1602",49,0.231331621335453
"high1603",46,0.197006069193618
"high1604",51,0.146353197214364
"high1605",52,0.197006069193618
"high1606",47,0.17121050152692
"high1607",48,0.220975439343995
"high1608",51,0.146353197214364
"high1609",50,0.251199875828373
"high161",2,0.8
"high1610",55,0.687319715863923
"high1611",49,0.231331621335453
"high1612",51,0.146353197214364
"high1613",49,0.231331621335453
"high1614",27,0.260826425527279
"high1615",27,0.260826425527279
"high1616",46,0.197006069193618
"high1617",56,-0.280333082581458
"high1618",28,0.291627383631446
"high1619",48,0.220975439343995
"high162",3,-0.800000000000001
"high1620",49,0.231331621335453
"high1621",25,-0.279808785174019
"high1622",55,0.687319715863923
"high1623",53,0.17121050152692
"high1624",56,-0.280333082581458
"high1625",52,0.197006069193618
"high1626",49,0.231331621335453
"high1627",45,0.146353197214364
"high1628",52,0.197006069193618
"high1629",45,0.146353197214364
"high163",8,-1.432
"high1630",50,0.251199875828373
"high1631",47,0.17121050152692
"high1632",27,0.260826425527279
"high1633",56,-0.280333082581458
"high1634",45,0.146353197214364
"high1635",27,0.260826425527279
"high1636",49,0.231331621335453
"high1637",51,0.146353197214364
"high1638",48,0.220975439343995
"high1639",26,0.216588097389286
"high164",10,9.134
"high1640",26,0.216588097389286
"high1641",45,0.146353197214364
"high1642",54,-0.2502917
"high1643",45,0.146353197214364
"high1644",48,0.220975439343995
"high1645",26,0.216588097389286
"high1646",50,0.251199875828373
"high1647",26,0.216588097389286
"high1648",49,0.231331621335453
"high1649",54,-0.2502917
"high165",11,10.77
"high1650",28,0.291627383631446
"high1651",51,0.146353197214364
"high1652",51,0.146353197214364
"high1653",46,0.197006069193618
"high1654",25,-0.279808785174019
"high1655",46,0.197006069193618
"high1656",53,0.17121050152692
"high1657",27,0.260826425527279
"high1658",56,-0.280333082581458
"high1659",46,0.197006069193618
"high166",4,2.1
"high1660",49,0.231331621335453
"high1661",26,0.216588097389286
"high1662",56,-0.280333082581458
"high1663",55,0.687319715863923
"high1664",50,0.251199875828373
"high1665",47,0.17121050152692
"high1666",46,0.197006069193618
"high1667",28,0.291627383631446
"high1668",50,0.251199875828373
"high1669",49,0.231331621335453
"high167",9,12.62
"high1670",51,0.146353197214364
"high1671",25,-0.279808785174019
"high1672",46,0.197006069193618
"high1673",46,0.197006069193618
"high1674",47,0.17121050152692
"high1675",49,0.231331621335453
"high1676",26,0.216588097389286
"high1677",46,0.197006069193618
"high1678",56,-0.280333082581458
"high1679",28,0.291627383631446
"high168",10,9.134
"high1680",54,-0.2502917
"high1681",56,-0.280333082581458
"high1682",45,0.146353197214364
"high1683",51,0.146353197214364
"high1684",26,0.216588097389286
"high1685",56,-0.280333082581458
"high1686",54,-0.2502917
"high1687",50,0.251199875828373
"high1688",55,0.687319715863923
"high1689",45,0.146353197214364
"high169",6,-1.1039
"high1690",28,0.291627383631446
"high1691",48,0.220975439343995
"high1692",55,0.687319715863923
"high1693",48,0.220975439343995
"high1694",53,0.17121050152692
"high1695",53,0.17121050152692
"high1696",56,-0.280333082581458
"high1697",56,-0.280333082581458
"high1698",54,-0.2502917
"high1699",56,-0.280333082581458
"high17",8,-1.432
"high170",5,-0.3429
"high1700",56,-0.280333082581458
"high1701",45,0.146353197214364
"high1702",52,0.197006069193618
"high1703",26,0.216588097389286
"high1704",46,0.197006069193618
"high1705",56,-0.280333082581458
"high1706",25,-0.279808785174019
"high1707",50,0.251199875828373
"high1708",25,-0.279808785174019
"high1709",45,0.146353197214364
"high171",7,0
"high1710",28,0.291627383631446
"high1711",50,0.251199875828373
"high1712",55,0.687319715863923
"high1713",50,0.251199875828373
"high1714",46,0.197006069193618
"high1715",53,0.17121050152692
"high1716",53,0.17121050152692
"high1717",47,0.17121050152692
"high1718",55,0.687319715863923
"high1719",52,0.197006069193618
"high172",3,-0.800000000000001
"high1720",49,0.231331621335453
"high1721",46,0.197006069193618
"high1722",46,0.197006069193618
"high1723",50,0.251199875828373
"high1724",25,-0.279808785174019
"high1725",46,0.197006069193618
"high1726",26,0.216588097389286
"high1727",27,0.260826425527279
"high1728",52,0.197006069193618
"high1729",55,0.687319715863923
"high173",6,-1.1039
"high1730",52,0.197006069193618
"high1731",26,0.216588097389286
"high1732",52,0.197006069193618
"high1733",28,0.291627383631446
"high1734",25,-0.279808785174019
"high1735",45,0.146353197214364
"high1736",53,0.17121050152692
"high1737",26,0.216588097389286
"high1738",52,0.197006069193618
"high1739",47,0.17121050152692
"high174",14,61.11
"high1740",52,0.197006069193618
"high1741",56,-0.280333082581458
"high1742",54,-0.2502917
"high1743",45,0.146353197214364
"high1744",45,0.146353197214364
"high1745",46,0.197006069193618
"high1746",49,0.231331621335453
"high1747",46,0.197006069193618
"high1748",45,0.146353197214364
"high1749",46,0.197006069193618
"high175",3,-0.800000000000001
"high1750",48,0.220975439343995
"high1751",45,0.146353197214364
"high1752",56,-0.280333082581458
"high1753",54,-0.2502917
"high1754",26,0.216588097389286
"high1755",28,0.291627383631446
"high1756",50,0.251199875828373
"high1757",27,0.260826425527279
"high1758",50,0.251199875828373
"high1759",46,0.197006069193618
"high176",14,61.11
"high1760",53,0.17121050152692
"high1761",45,0.146353197214364
"high1762",50,0.251199875828373
"high1763",50,0.251199875828373
"high1764",53,0.17121050152692
"high1765",45,0.146353197214364
"high1766",46,0.197006069193618
"high1767",49,0.231331621335453
"high1768",56,-0.280333082581458
"high1769",53,0.17121050152692
"high177",9,12.62
"high1770",53,0.17121050152692
"high1771",48,0.220975439343995
"high1772",49,0.231331621335453
"high1773",45,0.146353197214364
"high1774",47,0.17121050152692
"high1775",25,-0.279808785174019
"high1776",28,0.291627383631446
"high1777",53,0.17121050152692
"high1778",49,0.231331621335453
"high1779",49,0.231331621335453
"high178",3,-0.800000000000001
"high1780",54,-0.2502917
"high1781",55,0.687319715863923
"high1782",27,0.260826425527279
"high1783",53,0.17121050152692
"high1784",56,-0.280333082581458
"high1785",54,-0.2502917
"high1786",27,0.260826425527279
"high1787",45,0.146353197214364
"high1788",45,0.146353197214364
"high1789",51,0.146353197214364
"high179",7,0
"high1790",26,0.216588097389286
"high1791",27,0.260826425527279
"high1792",27,0.260826425527279
"high1793",28,0.291627383631446
"high1794",26,0.216588097389286
"high1795",47,0.17121050152692
"high1796",27,0.260826425527279
"high1797",56,-0.280333082581458
"high1798",55,0.687319715863923
"high1799",55,0.687319715863923
"high18",1,0.2
"high180",15,-0.16058
"high1800",55,0.687319715863923
"high1801",50,0.251199875828373
"high1802",50,0.251199875828373
"high1803",51,0.146353197214364
"high1804",46,0.197006069193618
"high1805",47,0.17121050152692
"high1806",48,0.220975439343995
"high1807",52,0.197006069193618
"high1808",45,0.146353197214364
"high1809",50,0.251199875828373
"high181",12,-3.159
"high1810",47,0.17121050152692
"high1811",49,0.231331621335453
"high1812",46,0.197006069193618
"high1813",47,0.17121050152692
"high1814",51,0.146353197214364
"high1815",28,0.291627383631446
"high1816",27,0.260826425527279
"high1817",49,0.231331621335453
"high1818",28,0.291627383631446
"high1819",47,0.17121050152692
"high182",16,1
"high1820",54,-0.2502917
"high1821",49,0.231331621335453
"high1822",56,-0.280333082581458
"high1823",56,-0.280333082581458
"high1824",26,0.216588097389286
"high1825",46,0.197006069193618
"high1826",50,0.251199875828373
"high1827",56,-0.280333082581458
"high1828",25,-0.279808785174019
"high1829",49,0.231331621335453
"high183",4,2.1
"high1830",56,-0.280333082581458
"high1831",56,-0.280333082581458
"high1832",26,0.216588097389286
"high1833",28,0.291627383631446
"high1834",55,0.687319715863923
"high1835",53,0.17121050152692
"high1836",46,0.197006069193618
"high1837",49,0.231331621335453
"high1838",45,0.146353197214364
"high1839",49,0.231331621335453
"high184",14,61.11
"high1840",28,0.291627383631446
"high1841",28,0.291627383631446
"high1842",46,0.197006069193618
"high1843",46,0.197006069193618
"high1844",51,0.146353197214364
"high1845",52,0.197006069193618
"high1846",55,0.687319715863923
"high1847",47,0.17121050152692
"high1848",52,0.197006069193618
"high1849",48,0.220975439343995
"high185",10,9.134
"high1850",45,0.146353197214364
"high1851",54,-0.2502917
"high1852",49,0.231331621335453
"high1853",48,0.220975439343995
"high1854",25,-0.279808785174019
"high1855",48,0.220975439343995
"high1856",46,0.197006069193618
"high1857",55,0.687319715863923
"high1858",48,0.220975439343995
"high1859",50,0.251199875828373
"high186",1,0.2
"high1860",46,0.197006069193618
"high1861",52,0.197006069193618
"high1862",45,0.146353197214364
"high1863",47,0.17121050152692
"high1864",55,0.687319715863923
"high1865",50,0.251199875828373
"high1866",54,-0.2502917
"high1867",53,0.17121050152692
"high1868",26,0.216588097389286
"high1869",47,0.17121050152692
"high187",2,0.8
"high1870",52,0.197006069193618
"high1871",45,0.146353197214364
"high1872",52,0.197006069193618
"high1873",25,-0.279808785174019
"high1874",54,-0.2502917
"high1875",28,0.291627383631446
"high1876",51,0.146353197214364
"high1877",56,-0.280333082581458
"high1878",53,0.17121050152692
"high1879",28,0.291627383631446
"high188",14,61.11
"high1880",28,0.291627383631446
"high1881",55,0.687319715863923
"high1882",46,0.197006069193618
"high1883",55,0.687319715863923
"high1884",28,0.291627383631446
"high1885",50,0.251199875828373
"high1886",26,0.216588097389286
"high1887",47,0.17121050152692
"high1888",52,0.197006069193618
"high1889",49,0.231331621335453
"high189",15,-0.16058
"high1890",28,0.291627383631446
"high1891",45,0.146353197214364
"high1892",27,0.260826425527279
"high1893",55,0.687319715863923
"high1894",55,0.687319715863923
"high1895",56,-0.280333082581458
"high1896",51,0.146353197214364
"high1897",47,0.17121050152692
"high1898",27,0.260826425527279
"high1899",51,0.146353197214364
"high19",2,0.8
"high190",14,61.11
"high1900",28,0.291627383631446
"high1901",49,0.231331621335453
"high1902",25,-0.279808785174019
"high1903",49,0.231331621335453
"high1904",48,0.220975439343995
"high1905",45,0.146353197214364
"high1906",48,0.220975439343995
"high1907",46,0.197006069193618
"high1908",55,0.687319715863923
"high1909",28,0.291627383631446
"high191",16,1
"high1910",27,0.260826425527279
"high1911",28,0.291627383631446
"high1912",52,0.197006069193618
"high1913",49,0.231331621335453
"high1914",54,-0.2502917
"high1915",27,0.260826425527279
"high1916",28,0.291627383631446
"high1917",45,0.146353197214364
"high1918",26,0.216588097389286
"high1919",53,0.17121050152692
"high192",7,0
"high1920",54,-0.2502917
"high1921",28,0.291627383631446
"high1922",55,0.687319715863923
"high1923",27,0.260826425527279
"high1924",28,0.291627383631446
"high1925",53,0.17121050152692
"high1926",54,-0.2502917
"high1927",53,0.17121050152692
"high1928",47,0.17121050152692
"high1929",48,0.220975439343995
"high193",1,0.2
"high1930",25,-0.279808785174019
"high1931",50,0.251199875828373
"high1932",47,0.17121050152692
"high1933",56,-0.280333082581458
"high1934",25,-0.279808785174019
"high1935",47,0.17121050152692
"high1936",50,0.251199875828373
"high1937",26,0.216588097389286
"high1938",53,0.17121050152692
"high1939",50,0.251199875828373
"high194",14,61.11
"high1940",47,0.17121050152692
"high1941",25,-0.279808785174019
"high1942",52,0.197006069193618
"high1943",51,0.146353197214364
"high1944",47,0.17121050152692
"high1945",27,0.260826425527279
"high1946",25,-0.279808785174019
"high1947",27,0.260826425527279
"high1948",54,-0.2502917
"high1949",54,-0.2502917
"high195",16,1
"high1950",55,0.687319715863923
"high1951",45,0.146353197214364
"high1952",52,0.197006069193618
"high1953",28,0.291627383631446
"high1954",52,0.197006069193618
"high1955",46,0.197006069193618
"high1956",50,0.251199875828373
"high1957",46,0.197006069193618
"high1958",27,0.260826425527279
"high1959",26,0.216588097389286
"high196",2,0.8
"high1960",48,0.220975439343995
"high1961",49,0.231331621335453
"high1962",54,-0.2502917
"high1963",26,0.216588097389286
"high1964",49,0.231331621335453
"high1965",54,-0.2502917
"high1966",27,0.260826425527279
"high1967",46,0.197006069193618
"high1968",49,0.231331621335453
"high1969",56,-0.280333082581458
"high197",16,1
"high1970",55,0.687319715863923
"high1971",56,-0.280333082581458
"high1972",27,0.260826425527279
"high1973",26,0.216588097389286
"high1974",53,0.17121050152692
"high1975",48,0.220975439343995
"high1976",55,0.687319715863923
"high1977",46,0.197006069193618
"high1978",55,0.687319715863923
"high1979",51,0.146353197214364
"high198",2,0.8
"high1980",54,-0.2502917
"high1981",47,0.17121050152692
"high1982",50,0.251199875828373
"high1983",53,0.17121050152692
"high1984",48,0.220975439343995
"high1985",49,0.231331621335453
"high1986",45,0.146353197214364
"high1987",28,0.291627383631446
"high1988",56,-0.280333082581458
"high1989",28,0.291627383631446
"high199",13,-0.8486
"high1990",27,0.260826425527279
"high1991",52,0.197006069193618
"high1992",25,-0.279808785174019
"high1993",27,0.260826425527279
"high1994",55,0.687319715863923
"high1995",25,-0.279808785174019
"high1996",49,0.231331621335453
"high1997",48,0.220975439343995
"high1998",46,0.197006069193618
"high1999",46,0.197006069193618
"high2",12,-3.159
"high20",2,0.8
"high200",13,-0.8486
"high2000",56,-0.280333082581458
"high2001",46,0.197006069193618
"high2002",25,-0.279808785174019
"high2003",54,-0.2502917
"high2004",46,0.197006069193618
"high2005",48,0.220975439343995
"high2006",26,0.216588097389286
"high2007",45,0.146353197214364
"high2008",51,0.146353197214364
"high2009",26,0.216588097389286
"high201",6,-1.1039
"high2010",56,-0.280333082581458
"high2011",47,0.17121050152692
"high2012",51,0.146353197214364
"high2013",27,0.260826425527279
"high2014",48,0.220975439343995
"high2015",28,0.291627383631446
"high2016",48,0.220975439343995
"high2017",26,0.216588097389286
"high2018",54,-0.2502917
"high2019",45,0.146353197214364
"high202",4,2.1
"high2020",47,0.17121050152692
"high2021",54,-0.2502917
"high2022",53,0.17121050152692
"high2023",26,0.216588097389286
"high2024",49,0.231331621335453
"high2025",45,0.146353197214364
"high2026",55,0.687319715863923
"high2027",46,0.197006069193618
"high2028",25,-0.279808785174019
"high2029",46,0.197006069193618
"high203",10,9.134
"high2030",49,0.231331621335453
"high2031",50,0.251199875828373
"high2032",47,0.17121050152692
"high2033",45,0.146353197214364
"high2034",49,0.231331621335453
"high2035",52,0.197006069193618
"high2036",51,0.146353197214364
"high2037",25,-0.279808785174019
"high2038",55,0.687319715863923
"high2039",26,0.216588097389286
"high204",3,-0.800000000000001
"high2040",55,0.687319715863923
"high2041",55,0.687319715863923
"high2042",51,0.146353197214364
"high2043",25,-0.279808785174019
"high2044",27,0.260826425527279
"high2045",26,0.216588097389286
"high2046",49,0.231331621335453
"high2047",52,0.197006069193618
"high2048",28,0.291627383631446
"high2049",28,0.291627383631446
"high205",13,-0.8486
"high2050",45,0.146353197214364
"high2051",26,0.216588097389286
"high2052",52,0.197006069193618
"high2053",47,0.17121050152692
"high2054",50,0.251199875828373
"high2055",54,-0.2502917
"high2056",48,0.220975439343995
"high2057",48,0.220975439343995
"high2058",45,0.146353197214364
"high2059",55,0.687319715863923
"high206",1,0.2
"high2060",46,0.197006069193618
"high2061",53,0.17121050152692
"high2062",45,0.146353197214364
"high2063",50,0.251199875828373
"high2064",48,0.220975439343995
"high2065",25,-0.279808785174019
"high2066",50,0.251199875828373
"high2067",28,0.291627383631446
"high2068",54,-0.2502917
"high2069",46,0.197006069193618
"high207",15,-0.16058
"high2070",46,0.197006069193618
"high2071",56,-0.280333082581458
"high2072",52,0.197006069193618
"high2073",28,0.291627383631446
"high2074",28,0.291627383631446
"high2075",49,0.231331621335453
"high2076",49,0.231331621335453
"high2077",53,0.17121050152692
"high2078",27,0.260826425527279
"high2079",46,0.197006069193618
"high208",9,12.62
"high2080",27,0.260826425527279
"high2081",46,0.197006069193618
"high2082",50,0.251199875828373
"high2083",55,0.687319715863923
"high2084",45,0.146353197214364
"high2085",52,0.197006069193618
"high2086",26,0.216588097389286
"high2087",48,0.220975439343995
"high2088",54,-0.2502917
"high2089",48,0.220975439343995
"high209",13,-0.8486
"high2090",48,0.220975439343995
"high2091",53,0.17121050152692
"high2092",27,0.260826425527279
"high2093",54,-0.2502917
"high2094",53,0.17121050152692
"high2095",50,0.251199875828373
"high2096",45,0.146353197214364
"high2097",53,0.17121050152692
"high2098",52,0.197006069193618
"high2099",27,0.260826425527279
"high21",6,-1.1039
"high210",3,-0.800000000000001
"high2100",55,0.687319715863923
"high2101",28,0.291627383631446
"high2102",28,0.291627383631446
"high2103",54,-0.2502917
"high2104",54,-0.2502917
"high2105",25,-0.279808785174019
"high2106",45,0.146353197214364
"high2107",26,0.216588097389286
"high2108",26,0.216588097389286
"high2109",25,-0.279808785174019
"high211",6,-1.1039
"high2110",48,0.220975439343995
"high2111",28,0.291627383631446
"high2112",28,0.291627383631446
"high2113",45,0.146353197214364
"high2114",26,0.216588097389286
"high2115",52,0.197006069193618
"high2116",45,0.146353197214364
"high2117",27,0.260826425527279
"high2118",54,-0.2502917
"high2119",25,-0.279808785174019
"high212",5,-0.3429
"high2120",28,0.291627383631446
"high2121",46,0.197006069193618
"high2122",53,0.17121050152692
"high2123",27,0.260826425527279
"high2124",49,0.231331621335453
"high2125",51,0.146353197214364
"high2126",56,-0.280333082581458
"high2127",55,0.687319715863923
"high2128",27,0.260826425527279
"high2129",51,0.146353197214364
"high213",7,0
"high2130",47,0.17121050152692
"high2131",49,0.231331621335453
"high2132",56,-0.280333082581458
"high2133",48,0.220975439343995
"high2134",56,-0.280333082581458
"high2135",52,0.197006069193618
"high2136",52,0.197006069193618
"high2137",49,0.231331621335453
"high2138",54,-0.2502917
"high2139",52,0.197006069193618
"high214",4,2.1
"high2140",55,0.687319715863923
"high2141",26,0.216588097389286
"high2142",26,0.216588097389286
"high2143",26,0.216588097389286
"high2144",54,-0.2502917
"high2145",45,0.146353197214364
"high2146",28,0.291627383631446
"high2147",53,0.17121050152692
"high2148",55,0.687319715863923
"high2149",50,0.251199875828373
"high215",12,-3.159
"high2150",55,0.687319715863923
"high2151",51,0.146353197214364
"high2152",25,-0.279808785174019
"high2153",48,0.220975439343995
"high2154",52,0.197006069193618
"high2155",26,0.216588097389286
"high2156",56,-0.280333082581458
"high2157",47,0.17121050152692
"high2158",49,0.231331621335453
"high2159",48,0.220975439343995
"high216",15,-0.16058
"high2160",55,0.687319715863923
"high2161",51,0.146353197214364
"high2162",27,0.260826425527279
"high2163",49,0.231331621335453
"high2164",25,-0.279808785174019
"high2165",53,0.17121050152692
"high2166",27,0.260826425527279
"high2167",46,0.197006069193618
"high2168",49,0.231331621335453
"high2169",47,0.17121050152692
"high217",3,-0.800000000000001
"high2170",28,0.291627383631446
"high2171",25,-0.279808785174019
"high2172",55,0.687319715863923
"high2173",48,0.220975439343995
"high2174",45,0.146353197214364
"high2175",56,-0.280333082581458
"high2176",52,0.197006069193618
"high2177",52,0.197006069193618
"high2178",52,0.197006069193618
"high2179",50,0.251199875828373
"high218",9,12.62
"high2180",51,0.146353197214364
"high2181",54,-0.2502917
"high2182",46,0.197006069193618
"high2183",56,-0.280333082581458
"high2184",49,0.231331621335453
"high2185",47,0.17121050152692
"high2186",50,0.251199875828373
"high2187",26,0.216588097389286
"high2188",28,0.291627383631446
"high2189",53,0.17121050152692
"high219",9,12.62
"high2190",56,-0.280333082581458
"high2191",52,0.197006069193618
"high2192",55,0.687319715863923
"high2193",27,0.260826425527279
"high2194",56,-0.280333082581458
"high2195",53,0.17121050152692
"high2196",54,-0.2502917
"high2197",49,0.231331621335453
"high2198",54,-0.2502917
"high2199",51,0.146353197214364
"high22",4,2.1
"high220",7,0
"high2200",55,0.687319715863923
"high2201",54,-0.2502917
"high2202",26,0.216588097389286
"high2203",54,-0.2502917
"high2204",46,0.197006069193618
"high2205",45,0.146353197214364
"high2206",54,-0.2502917
"high2207",51,0.146353197214364
"high2208",48,0.220975439343995
"high2209",47,0.17121050152692
"high221",14,61.11
"high2210",27,0.260826425527279
"high2211",54,-0.2502917
"high2212",51,0.146353197214364
"high2213",55,0.687319715863923
"high2214",28,0.291627383631446
"high2215",26,0.216588097389286
"high2216",47,0.17121050152692
"high2217",49,0.231331621335453
"high2218",27,0.260826425527279
"high2219",51,0.146353197214364
"high222",15,-0.16058
"high2220",27,0.260826425527279
"high2221",52,0.197006069193618
"high2222",50,0.251199875828373
"high2223",27,0.260826425527279
"high2224",48,0.220975439343995
"high2225",45,0.146353197214364
"high2226",49,0.231331621335453
"high2227",50,0.251199875828373
"high2228",50,0.251199875828373
"high2229",27,0.260826425527279
"high223",8,-1.432
"high2230",50,0.251199875828373
"high2231",52,0.197006069193618
"high2232",46,0.197006069193618
"high2233",25,-0.279808785174019
"high2234",26,0.216588097389286
"high2235",25,-0.279808785174019
"high2236",25,-0.279808785174019
"high2237",54,-0.2502917
"high2238",26,0.216588097389286
"high2239",53,0.17121050152692
"high224",13,-0.8486
"high2240",46,0.197006069193618
"high2241",26,0.216588097389286
"high2242",46,0.197006069193618
"high2243",47,0.17121050152692
"high2244",50,0.251199875828373
"high2245",26,0.216588097389286
"high2246",49,0.231331621335453
"high2247",26,0.216588097389286
"high2248",54,-0.2502917
"high2249",27,0.260826425527279
"high225",7,0
"high2250",55,0.687319715863923
"high2251",25,-0.279808785174019
"high2252",53,0.17121050152692
"high2253",27,0.260826425527279
"high2254",45,0.146353197214364
"high2255",53,0.17121050152692
"high2256",53,0.17121050152692
"high2257",26,0.216588097389286
"high2258",49,0.231331621335453
"high2259",55,0.687319715863923
"high226",1,0.2
"high2260",26,0.216588097389286
"high2261",47,0.17121050152692
"high2262",55,0.687319715863923
"high2263",47,0.17121050152692
"high2264",52,0.197006069193618
"high2265",48,0.220975439343995
"high2266",55,0.687319715863923
"high2267",54,-0.2502917
"high2268",56,-0.280333082581458
"high2269",54,-0.2502917
"high227",11,10.77
"high2270",25,-0.279808785174019
"high2271",51,0.146353197214364
"high2272",46,0.197006069193618
"high2273",52,0.197006069193618
"high2274",27,0.260826425527279
"high2275",47,0.17121050152692
"high2276",56,-0.280333082581458
"high2277",47,0.17121050152692
"high2278",54,-0.2502917
"high2279",25,-0.279808785174019
"high228",8,-1.432
"high2280",49,0.231331621335453
"high2281",55,0.687319715863923
"high2282",46,0.197006069193618
"high2283",49,0.231331621335453
"high2284",25,-0.279808785174019
"high2285",45,0.146353197214364
"high2286",54,-0.2502917
"high2287",56,-0.280333082581458
"high2288",55,0.687319715863923
"high2289",27,0.260826425527279
"high229",3,-0.800000000000001
"high2290",52,0.197006069193618
"high2291",28,0.291627383631446
"high2292",49,0.231331621335453
"high2293",26,0.216588097389286
"high2294",56,-0.280333082581458
"high2295",56,-0.280333082581458
"high2296",50,0.251199875828373
"high2297",25,-0.279808785174019
"high2298",48,0.220975439343995
"high2299",53,0.17121050152692
"high23",16,1
"high230",11,10.77
"high2300",51,0.146353197214364
"high2301",49,0.231331621335453
"high2302",25,-0.279808785174019
"high2303",53,0.17121050152692
"high2304",28,0.291627383631446
"high2305",27,0.260826425527279
"high2306",51,0.146353197214364
"high2307",45,0.146353197214364
"high2308",54,-0.2502917
"high2309",28,0.291627383631446
"high231",10,9.134
"high2310",52,0.197006069193618
"high2311",56,-0.280333082581458
"high2312",25,-0.279808785174019
"high2313",47,0.17121050152692
"high2314",25,-0.279808785174019
"high2315",52,0.197006069193618
"high2316",49,0.231331621335453
"high2317",47,0.17121050152692
"high2318",51,0.146353197214364
"high2319",53,0.17121050152692
"high232",4,2.1
"high2320",26,0.216588097389286
"high2321",45,0.146353197214364
"high2322",26,0.216588097389286
"high2323",27,0.260826425527279
"high2324",53,0.17121050152692
"high2325",48,0.220975439343995
"high2326",55,0.687319715863923
"high2327",48,0.220975439343995
"high2328",26,0.216588097389286
"high2329",52,0.197006069193618
"high233",11,10.77
"high2330",26,0.216588097389286
"high2331",52,0.197006069193618
"high2332",53,0.17121050152692
"high2333",52,0.197006069193618
"high2334",45,0.146353197214364
"high2335",56,-0.280333082581458
"high2336",49,0.231331621335453
"high2337",46,0.197006069193618
"high2338",46,0.197006069193618
"high2339",56,-0.280333082581458
"high234",10,9.134
"high2340",49,0.231331621335453
"high2341",28,0.291627383631446
"high2342",46,0.197006069193618
"high2343",53,0.17121050152692
"high2344",26,0.216588097389286
"high2345",48,0.220975439343995
"high2346",49,0.231331621335453
"high2347",49,0.231331621335453
"high2348",51,0.146353197214364
"high2349",50,0.251199875828373
"high235",13,-0.8486
"high2350",46,0.197006069193618
"high2351",56,-0.280333082581458
"high2352",28,0.291627383631446
"high2353",49,0.231331621335453
"high2354",51,0.146353197214364
"high2355",55,0.687319715863923
"high2356",46,0.197006069193618
"high2357",45,0.146353197214364
"high2358",55,0.687319715863923
"high2359",45,0.146353197214364
"high236",6,-1.1039
"high2360",25,-0.279808785174019
"high2361",47,0.17121050152692
"high2362",56,-0.280333082581458
"high2363",27,0.260826425527279
"high2364",28,0.291627383631446
"high2365",50,0.251199875828373
"high2366",25,-0.279808785174019
"high2367",52,0.197006069193618
"high2368",55,0.687319715863923
"high2369",53,0.17121050152692
"high237",5,-0.3429
"high2370",27,0.260826425527279
"high2371",52,0.197006069193618
"high2372",46,0.197006069193618
"high2373",45,0.146353197214364
"high2374",27,0.260826425527279
"high2375",53,0.17121050152692
"high2376",25,-0.279808785174019
"high2377",55,0.687319715863923
"high2378",26,0.216588097389286
"high2379",25,-0.279808785174019
"high238",1,0.2
"high2380",52,0.197006069193618
"high2381",46,0.197006069193618
"high2382",52,0.197006069193618
"high2383",56,-0.280333082581458
"high2384",52,0.197006069193618
"high2385",48,0.220975439343995
"high2386",48,0.220975439343995
"high2387",50,0.251199875828373
"high2388",45,0.146353197214364
"high2389",54,-0.2502917
"high239",13,-0.8486
"high2390",28,0.291627383631446
"high2391",25,-0.279808785174019
"high2392",47,0.17121050152692
"high2393",51,0.146353197214364
"high2394",53,0.17121050152692
"high2395",47,0.17121050152692
"high2396",51,0.146353197214364
"high2397",25,-0.279808785174019
"high2398",25,-0.279808785174019
"high2399",55,0.687319715863923
"high24",2,0.8
"high240",11,10.77
"high2400",49,0.231331621335453
"high2401",26,0.216588097389286
"high2402",25,-0.279808785174019
"high2403",28,0.291627383631446
"high2404",51,0.146353197214364
"high2405",48,0.220975439343995
"high2406",53,0.17121050152692
"high2407",55,0.687319715863923
"high2408",28,0.291627383631446
"high2409",53,0.17121050152692
"high241",9,12.62
"high2410",50,0.251199875828373
"high2411",52,0.197006069193618
"high2412",28,0.291627383631446
"high2413",49,0.231331621335453
"high2414",25,-0.279808785174019
"high2415",27,0.260826425527279
"high2416",51,0.146353197214364
"high2417",51,0.146353197214364
"high2418",56,-0.280333082581458
"high2419",51,0.146353197214364
"high242",4,2.1
"high2420",47,0.17121050152692
"high2421",52,0.197006069193618
"high2422",27,0.260826425527279
"high2423",47,0.17121050152692
"high2424",28,0.291627383631446
"high2425",45,0.146353197214364
"high2426",48,0.220975439343995
"high2427",26,0.216588097389286
"high2428",48,0.220975439343995
"high2429",51,0.146353197214364
"high243",5,-0.3429
"high2430",48,0.220975439343995
"high2431",52,0.197006069193618
"high2432",56,-0.280333082581458
"high2433",25,-0.279808785174019
"high2434",56,-0.280333082581458
"high2435",25,-0.279808785174019
"high2436",53,0.17121050152692
"high2437",25,-0.279808785174019
"high2438",55,0.687319715863923
"high2439",45,0.146353197214364
"high244",6,-1.1039
"high2440",54,-0.2502917
"high2441",45,0.146353197214364
"high2442",25,-0.279808785174019
"high2443",28,0.291627383631446
"high2444",47,0.17121050152692
"high2445",25,-0.279808785174019
"high2446",50,0.251199875828373
"high2447",28,0.291627383631446
"high2448",47,0.17121050152692
"high2449",48,0.220975439343995
"high245",11,10.77
"high2450",54,-0.2502917
"high2451",47,0.17121050152692
"high2452",56,-0.280333082581458
"high2453",47,0.17121050152692
"high2454",52,0.197006069193618
"high2455",52,0.197006069193618
"high2456",47,0.17121050152692
"high2457",54,-0.2502917
"high2458",50,0.251199875828373
"high2459",25,-0.279808785174019
"high246",7,0
"high2460",46,0.197006069193618
"high2461",54,-0.2502917
"high2462",53,0.17121050152692
"high2463",51,0.146353197214364
"high2464",46,0.197006069193618
"high2465",51,0.146353197214364
"high2466",53,0.17121050152692
"high2467",51,0.146353197214364
"high2468",53,0.17121050152692
"high2469",54,-0.2502917
"high247",5,-0.3429
"high2470",46,0.197006069193618
"high2471",26,0.216588097389286
"high2472",26,0.216588097389286
"high2473",28,0.291627383631446
"high2474",54,-0.2502917
"high2475",27,0.260826425527279
"high2476",50,0.251199875828373
"high2477",28,0.291627383631446
"high2478",55,0.687319715863923
"high2479",27,0.260826425527279
"high248",13,-0.8486
"high2480",28,0.291627383631446
"high2481",52,0.197006069193618
"high2482",27,0.260826425527279
"high2483",27,0.260826425527279
"high2484",50,0.251199875828373
"high2485",52,0.197006069193618
"high2486",53,0.17121050152692
"high2487",49,0.231331621335453
"high2488",53,0.17121050152692
"high2489",51,0.146353197214364
"high249",7,0
"high2490",48,0.220975439343995
"high2491",27,0.260826425527279
"high2492",49,0.231331621335453
"high2493",55,0.687319715863923
"high2494",28,0.291627383631446
"high2495",25,-0.279808785174019
"high2496",56,-0.280333082581458
"high2497",46,0.197006069193618
"high2498",46,0.197006069193618
"high2499",47,0.17121050152692
"high25",1,0.2
"high250",15,-0.16058
"high2500",45,0.146353197214364
"high2501",51,0.146353197214364
"high2502",50,0.251199875828373
"high2503",27,0.260826425527279
"high2504",48,0.220975439343995
"high2505",51,0.146353197214364
"high2506",52,0.197006069193618
"high2507",52,0.197006069193618
"high2508",27,0.260826425527279
"high2509",25,-0.279808785174019
"high251",9,12.62
"high2510",51,0.146353197214364
"high2511",52,0.197006069193618
"high2512",49,0.231331621335453
"high2513",46,0.197006069193618
"high2514",28,0.291627383631446
"high2515",51,0.146353197214364
"high2516",48,0.220975439343995
"high2517",47,0.17121050152692
"high2518",52,0.197006069193618
"high2519",56,-0.280333082581458
"high252",16,1
"high2520",27,0.260826425527279
"high2521",49,0.231331621335453
"high2522",26,0.216588097389286
"high2523",49,0.231331621335453
"high2524",53,0.17121050152692
"high2525",46,0.197006069193618
"high2526",56,-0.280333082581458
"high2527",27,0.260826425527279
"high2528",53,0.17121050152692
"high2529",48,0.220975439343995
"high253",6,-1.1039
"high2530",56,-0.280333082581458
"high2531",54,-0.2502917
"high2532",54,-0.2502917
"high2533",28,0.291627383631446
"high2534",54,-0.2502917
"high2535",47,0.17121050152692
"high2536",46,0.197006069193618
"high2537",48,0.220975439343995
"high2538",50,0.251199875828373
"high2539",46,0.197006069193618
"high254",7,0
"high2540",56,-0.280333082581458
"high2541",26,0.216588097389286
"high2542",55,0.687319715863923
"high2543",27,0.260826425527279
"high2544",51,0.146353197214364
"high2545",45,0.146353197214364
"high2546",45,0.146353197214364
"high2547",26,0.216588097389286
"high2548",50,0.251199875828373
"high2549",51,0.146353197214364
"high255",8,-1.432
"high2550",52,0.197006069193618
"high2551",51,0.146353197214364
"high2552",46,0.197006069193618
"high2553",48,0.220975439343995
"high2554",45,0.146353197214364
"high2555",53,0.17121050152692
"high2556",46,0.197006069193618
"high2557",26,0.216588097389286
"high2558",54,-0.2502917
"high2559",47,0.17121050152692
"high256",5,-0.3429
"high2560",51,0.146353197214364
"high2561",26,0.216588097389286
"high2562",47,0.17121050152692
"high2563",46,0.197006069193618
"high2564",47,0.17121050152692
"high2565",47,0.17121050152692
"high2566",53,0.17121050152692
"high2567",51,0.146353197214364
"high2568",46,0.197006069193618
"high2569",47,0.17121050152692
"high257",7,0
"high2570",26,0.216588097389286
"high2571",53,0.17121050152692
"high2572",25,-0.279808785174019
"high2573",52,0.197006069193618
"high2574",45,0.146353197214364
"high2575",55,0.687319715863923
"high2576",50,0.251199875828373
"high2577",26,0.216588097389286
"high2578",27,0.260826425527279
"high2579",25,-0.279808785174019
"high258",3,-0.800000000000001
"high2580",28,0.291627383631446
"high2581",53,0.17121050152692
"high2582",26,0.216588097389286
"high2583",28,0.291627383631446
"high2584",45,0.146353197214364
"high2585",56,-0.280333082581458
"high2586",46,0.197006069193618
"high2587",51,0.146353197214364
"high2588",28,0.291627383631446
"high2589",28,0.291627383631446
"high259",15,-0.16058
"high2590",28,0.291627383631446
"high2591",27,0.260826425527279
"high2592",27,0.260826425527279
"high2593",25,-0.279808785174019
"high2594",45,0.146353197214364
"high2595",51,0.146353197214364
"high2596",45,0.146353197214364
"high2597",51,0.146353197214364
"high2598",51,0.146353197214364
"high2599",54,-0.2502917
"high26",8,-1.432
"high260",8,-1.432
"high2600",28,0.291627383631446
"high2601",55,0.687319715863923
"high2602",27,0.260826425527279
"high2603",26,0.216588097389286
"high2604",47,0.17121050152692
"high2605",47,0.17121050152692
"high2606",52,0.197006069193618
"high2607",25,-0.279808785174019
"high2608",52,0.197006069193618
"high2609",53,0.17121050152692
"high261",7,0
"high2610",55,0.687319715863923
"high2611",25,-0.279808785174019
"high2612",55,0.687319715863923
"high2613",45,0.146353197214364
"high2614",47,0.17121050152692
"high2615",45,0.146353197214364
"high2616",48,0.220975439343995
"high2617",48,0.220975439343995
"high2618",26,0.216588097389286
"high2619",28,0.291627383631446
"high262",4,2.1
"high2620",51,0.146353197214364
"high2621",52,0.197006069193618
"high2622",53,0.17121050152692
"high2623",48,0.220975439343995
"high2624",27,0.260826425527279
"high2625",27,0.260826425527279
"high2626",45,0.146353197214364
"high2627",51,0.146353197214364
"high2628",56,-0.280333082581458
"high2629",51,0.146353197214364
"high263",14,61.11
"high2630",56,-0.280333082581458
"high2631",54,-0.2502917
"high2632",25,-0.279808785174019
"high2633",55,0.687319715863923
"high2634",51,0.146353197214364
"high2635",56,-0.280333082581458
"high2636",52,0.197006069193618
"high2637",56,-0.280333082581458
"high2638",50,0.251199875828373
"high2639",51,0.146353197214364
"high264",10,9.134
"high2640",45,0.146353197214364
"high2641",53,0.17121050152692
"high2642",50,0.251199875828373
"high2643",51,0.146353197214364
"high2644",26,0.216588097389286
"high2645",48,0.220975439343995
"high2646",45,0.146353197214364
"high2647",46,0.197006069193618
"high2648",26,0.216588097389286
"high2649",52,0.197006069193618
"high265",10,9.134
"high2650",53,0.17121050152692
"high2651",50,0.251199875828373
"high2652",53,0.17121050152692
"high2653",56,-0.280333082581458
"high2654",48,0.220975439343995
"high2655",26,0.216588097389286
"high2656",52,0.197006069193618
"high2657",50,0.251199875828373
"high2658",51,0.146353197214364
"high2659",50,0.251199875828373
"high266",7,0
"high2660",25,-0.279808785174019
"high2661",50,0.251199875828373
"high2662",25,-0.279808785174019
"high2663",55,0.687319715863923
"high2664",25,-0.279808785174019
"high2665",48,0.220975439343995
"high2666",55,0.687319715863923
"high2667",26,0.216588097389286
"high2668",50,0.251199875828373
"high2669",26,0.216588097389286
"high267",3,-0.800000000000001
"high2670",56,-0.280333082581458
"high2671",49,0.231331621335453
"high2672",46,0.197006069193618
"high2673",52,0.197006069193618
"high2674",46,0.197006069193618
"high2675",53,0.17121050152692
"high2676",26,0.216588097389286
"high2677",28,0.291627383631446
"high2678",56,-0.280333082581458
"high2679",51,0.146353197214364
"high268",14,61.11
"high2680",50,0.251199875828373
"high2681",27,0.260826425527279
"high2682",27,0.260826425527279
"high2683",55,0.687319715863923
"high2684",54,-0.2502917
"high2685",55,0.687319715863923
"high2686",52,0.197006069193618
"high2687",56,-0.280333082581458
"high2688",54,-0.2502917
"high2689",50,0.251199875828373
"high269",10,9.134
"high2690",27,0.260826425527279
"high2691",50,0.251199875828373
"high2692",28,0.291627383631446
"high2693",27,0.260826425527279
"high2694",54,-0.2502917
"high2695",47,0.17121050152692
"high2696",27,0.260826425527279
"high2697",56,-0.280333082581458
"high2698",56,-0.280333082581458
"high2699",49,0.231331621335453
"high27",9,12.62
"high270",5,-0.3429
"high2700",45,0.146353197214364
"high2701",51,0.146353197214364
"high2702",26,0.216588097389286
"high2703",26,0.216588097389286
"high2704",26,0.216588097389286
"high2705",49,0.231331621335453
"high2706",52,0.197006069193618
"high2707",52,0.197006069193618
"high2708",28,0.291627383631446
"high2709",27,0.260826425527279
"high271",9,12.62
"high2710",52,0.197006069193618
"high2711",54,-0.2502917
"high2712",50,0.251199875828373
"high2713",49,0.231331621335453
"high2714",48,0.220975439343995
"high2715",51,0.146353197214364
"high2716",54,-0.2502917
"high2717",56,-0.280333082581458
"high2718",53,0.17121050152692
"high2719",25,-0.279808785174019
"high272",8,-1.432
"high2720",48,0.220975439343995
"high2721",50,0.251199875828373
"high2722",27,0.260826425527279
"high2723",45,0.146353197214364
"high2724",46,0.197006069193618
"high2725",27,0.260826425527279
"high2726",28,0.291627383631446
"high2727",53,0.17121050152692
"high2728",50,0.251199875828373
"high2729",25,-0.279808785174019
"high273",12,-3.159
"high2730",56,-0.280333082581458
"high2731",26,0.216588097389286
"high2732",55,0.687319715863923
"high2733",26,0.216588097389286
"high2734",55,0.687319715863923
"high2735",47,0.17121050152692
"high2736",49,0.231331621335453
"high2737",49,0.231331621335453
"high2738",50,0.251199875828373
"high2739",47,0.17121050152692
"high274",11,10.77
"high2740",47,0.17121050152692
"high2741",54,-0.2502917
"high2742",56,-0.280333082581458
"high2743",55,0.687319715863923
"high2744",48,0.220975439343995
"high2745",53,0.17121050152692
"high2746",28,0.291627383631446
"high2747",27,0.260826425527279
"high2748",51,0.146353197214364
"high2749",53,0.17121050152692
"high275",9,12.62
"high2750",54,-0.2502917
"high2751",49,0.231331621335453
"high2752",51,0.146353197214364
"high2753",45,0.146353197214364
"high2754",52,0.197006069193618
"high2755",53,0.17121050152692
"high2756",47,0.17121050152692
"high2757",45,0.146353197214364
"high2758",25,-0.279808785174019
"high2759",56,-0.280333082581458
"high276",9,12.62
"high2760",45,0.146353197214364
"high2761",53,0.17121050152692
"high2762",27,0.260826425527279
"high2763",45,0.146353197214364
"high2764",53,0.17121050152692
"high2765",25,-0.279808785174019
"high2766",47,0.17121050152692
"high2767",56,-0.280333082581458
"high2768",25,-0.279808785174019
"high2769",51,0.146353197214364
"high277",6,-1.1039
"high2770",55,0.687319715863923
"high2771",52,0.197006069193618
"high2772",27,0.260826425527279
"high2773",45,0.146353197214364
"high2774",55,0.687319715863923
"high2775",56,-0.280333082581458
"high2776",48,0.220975439343995
"high2777",55,0.687319715863923
"high2778",46,0.197006069193618
"high2779",49,0.231331621335453
"high278",12,-3.159
"high2780",25,-0.279808785174019
"high2781",27,0.260826425527279
"high2782",54,-0.2502917
"high2783",48,0.220975439343995
"high2784",25,-0.279808785174019
"high2785",26,0.216588097389286
"high2786",48,0.220975439343995
"high2787",55,0.687319715863923
"high2788",47,0.17121050152692
"high2789",48,0.220975439343995
"high279",13,-0.8486
"high2790",48,0.220975439343995
"high2791",53,0.17121050152692
"high2792",50,0.251199875828373
"high2793",26,0.216588097389286
"high2794",26,0.216588097389286
"high2795",53,0.17121050152692
"high2796",54,-0.2502917
"high2797",48,0.220975439343995
"high2798",51,0.146353197214364
"high2799",52,0.197006069193618
"high28",8,-1.432
"high280",3,-0.800000000000001
"high2800",26,0.216588097389286
"high2801",49,0.231331621335453
"high2802",53,0.17121050152692
"high2803",53,0.17121050152692
"high2804",48,0.220975439343995
"high2805",47,0.17121050152692
"high2806",25,-0.279808785174019
"high2807",46,0.197006069193618
"high2808",46,0.197006069193618
"high2809",45,0.146353197214364
"high281",16,1
"high2810",28,0.291627383631446
"high2811",53,0.17121050152692
"high2812",28,0.291627383631446
"high2813",50,0.251199875828373
"high2814",53,0.17121050152692
"high2815",28,0.291627383631446
"high2816",48,0.220975439343995
"high2817",55,0.687319715863923
"high2818",50,0.251199875828373
"high2819",50,0.251199875828373
"high282",6,-1.1039
"high2820",53,0.17121050152692
"high2821",48,0.220975439343995
"high2822",27,0.260826425527279
"high2823",48,0.220975439343995
"high2824",27,0.260826425527279
"high2825",46,0.197006069193618
"high2826",45,0.146353197214364
"high2827",49,0.231331621335453
"high2828",50,0.251199875828373
"high2829",50,0.251199875828373
"high283",6,-1.1039
"high2830",47,0.17121050152692
"high2831",50,0.251199875828373
"high2832",55,0.687319715863923
"high2833",55,0.687319715863923
"high2834",48,0.220975439343995
"high2835",48,0.220975439343995
"high2836",47,0.17121050152692
"high2837",54,-0.2502917
"high2838",26,0.216588097389286
"high2839",48,0.220975439343995
"high284",10,9.134
"high2840",48,0.220975439343995
"high2841",56,-0.280333082581458
"high2842",45,0.146353197214364
"high2843",49,0.231331621335453
"high2844",51,0.146353197214364
"high2845",28,0.291627383631446
"high2846",47,0.17121050152692
"high2847",26,0.216588097389286
"high2848",45,0.146353197214364
"high2849",45,0.146353197214364
"high285",3,-0.800000000000001
"high2850",45,0.146353197214364
"high2851",53,0.17121050152692
"high2852",47,0.17121050152692
"high2853",54,-0.2502917
"high2854",25,-0.279808785174019
"high2855",53,0.17121050152692
"high2856",48,0.220975439343995
"high2857",54,-0.2502917
"high2858",26,0.216588097389286
"high2859",56,-0.280333082581458
"high286",9,12.62
"high2860",45,0.146353197214364
"high2861",51,0.146353197214364
"high2862",50,0.251199875828373
"high2863",48,0.220975439343995
"high2864",26,0.216588097389286
"high2865",49,0.231331621335453
"high2866",52,0.197006069193618
"high2867",47,0.17121050152692
"high2868",27,0.260826425527279
"high2869",51,0.146353197214364
"high287",4,2.1
"high2870",56,-0.280333082581458
"high2871",45,0.146353197214364
"high2872",28,0.291627383631446
"high2873",50,0.251199875828373
"high2874",51,0.146353197214364
"high2875",46,0.197006069193618
"high2876",48,0.220975439343995
"high2877",26,0.216588097389286
"high2878",45,0.146353197214364
"high2879",54,-0.2502917
"high288",10,9.134
"high2880",55,0.687319715863923
"high2881",47,0.17121050152692
"high2882",25,-0.279808785174019
"high2883",54,-0.2502917
"high2884",48,0.220975439343995
"high2885",50,0.251199875828373
"high2886",47,0.17121050152692
"high2887",48,0.220975439343995
"high2888",26,0.216588097389286
"high2889",55,0.687319715863923
"high289",14,61.11
"high2890",51,0.146353197214364
"high2891",48,0.220975439343995
"high2892",51,0.146353197214364
"high2893",27,0.260826425527279
"high2894",28,0.291627383631446
"high2895",50,0.251199875828373
"high2896",45,0.146353197214364
"high2897",53,0.17121050152692
"high2898",56,-0.280333082581458
"high2899",54,-0.2502917
"high29",4,2.1
"high290",5,-0.3429
"high2900",51,0.146353197214364
"high2901",28,0.291627383631446
"high2902",45,0.146353197214364
"high2903",56,-0.280333082581458
"high2904",50,0.251199875828373
"high2905",25,-0.279808785174019
"high2906",55,0.687319715863923
"high2907",54,-0.2502917
"high2908",55,0.687319715863923
"high2909",55,0.687319715863923
"high291",13,-0.8486
"high2910",46,0.197006069193618
"high2911",53,0.17121050152692
"high2912",53,0.17121050152692
"high2913",25,-0.279808785174019
"high2914",47,0.17121050152692
"high2915",46,0.197006069193618
"high2916",51,0.146353197214364
"high2917",45,0.146353197214364
"high2918",46,0.197006069193618
"high2919",51,0.146353197214364
"high292",12,-3.159
"high2920",28,0.291627383631446
"high2921",25,-0.279808785174019
"high2922",25,-0.279808785174019
"high2923",50,0.251199875828373
"high2924",28,0.291627383631446
"high2925",51,0.146353197214364
"high2926",52,0.197006069193618
"high2927",52,0.197006069193618
"high2928",56,-0.280333082581458
"high2929",51,0.146353197214364
"high293",5,-0.3429
"high2930",56,-0.280333082581458
"high2931",27,0.260826425527279
"high2932",28,0.291627383631446
"high2933",28,0.291627383631446
"high2934",56,-0.280333082581458
"high2935",46,0.197006069193618
"high2936",53,0.17121050152692
"high2937",56,-0.280333082581458
"high2938",50,0.251199875828373
"high2939",26,0.216588097389286
"high294",15,-0.16058
"high2940",48,0.220975439343995
"high2941",49,0.231331621335453
"high2942",28,0.291627383631446
"high2943",47,0.17121050152692
"high2944",46,0.197006069193618
"high2945",56,-0.280333082581458
"high2946",48,0.220975439343995
"high2947",25,-0.279808785174019
"high2948",54,-0.2502917
"high2949",53,0.17121050152692
"high295",2,0.8
"high2950",52,0.197006069193618
"high2951",50,0.251199875828373
"high2952",25,-0.279808785174019
"high2953",56,-0.280333082581458
"high2954",50,0.251199875828373
"high2955",25,-0.279808785174019
"high2956",56,-0.280333082581458
"high2957",47,0.17121050152692
"high2958",25,-0.279808785174019
"high2959",49,0.231331621335453
"high296",10,9.134
"high2960",54,-0.2502917
"high2961",54,-0.2502917
"high2962",54,-0.2502917
"high2963",55,0.687319715863923
"high2964",51,0.146353197214364
"high2965",27,0.260826425527279
"high2966",55,0.687319715863923
"high2967",56,-0.280333082581458
"high2968",50,0.251199875828373
"high2969",46,0.197006069193618
"high297",3,-0.800000000000001
"high2970",48,0.220975439343995
"high2971",27,0.260826425527279
"high2972",27,0.260826425527279
"high2973",47,0.17121050152692
"high2974",47,0.17121050152692
"high2975",25,-0.279808785174019
"high2976",50,0.251199875828373
"high2977",26,0.216588097389286
"high2978",52,0.197006069193618
"high2979",26,0.216588097389286
"high298",10,9.134
"high2980",53,0.17121050152692
"high2981",51,0.146353197214364
"high2982",28,0.291627383631446
"high2983",52,0.197006069193618
"high2984",48,0.220975439343995
"high2985",54,-0.2502917
"high2986",25,-0.279808785174019
"high2987",52,0.197006069193618
"high2988",47,0.17121050152692
"high2989",28,0.291627383631446
"high299",6,-1.1039
"high2990",56,-0.280333082581458
"high2991",47,0.17121050152692
"high2992",48,0.220975439343995
"high2993",52,0.197006069193618
"high2994",28,0.291627383631446
"high2995",48,0.220975439343995
"high2996",46,0.197006069193618
"high2997",53,0.17121050152692
"high2998",56,-0.280333082581458
"high2999",49,0.231331621335453
"high3",6,-1.1039
"high30",9,12.62
"high300",3,-0.800000000000001
"high3000",45,0.146353197214364
"high3001",25,-0.279808785174019
"high3002",54,-0.2502917
"high3003",50,0.251199875828373
"high3004",50,0.251199875828373
"high3005",48,0.220975439343995
"high3006",50,0.251199875828373
"high3007",28,0.291627383631446
"high3008",49,0.231331621335453
"high3009",48,0.220975439343995
"high301",9,12.62
"high3010",45,0.146353197214364
"high3011",28,0.291627383631446
"high3012",52,0.197006069193618
"high3013",25,-0.279808785174019
"high3014",47,0.17121050152692
"high3015",50,0.251199875828373
"high3016",25,-0.279808785174019
"high3017",55,0.687319715863923
"high3018",50,0.251199875828373
"high3019",53,0.17121050152692
"high302",14,61.11
"high3020",47,0.17121050152692
"high3021",54,-0.2502917
"high3022",45,0.146353197214364
"high3023",25,-0.279808785174019
"high3024",47,0.17121050152692
"high3025",55,0.687319715863923
"high3026",51,0.146353197214364
"high3027",56,-0.280333082581458
"high3028",47,0.17121050152692
"high3029",50,0.251199875828373
"high303",5,-0.3429
"high3030",52,0.197006069193618
"high3031",27,0.260826425527279
"high3032",53,0.17121050152692
"high3033",46,0.197006069193618
"high3034",45,0.146353197214364
"high3035",28,0.291627383631446
"high3036",25,-0.279808785174019
"high3037",25,-0.279808785174019
"high3038",53,0.17121050152692
"high3039",49,0.231331621335453
"high304",10,9.134
"high3040",52,0.197006069193618
"high3041",51,0.146353197214364
"high3042",51,0.146353197214364
"high3043",27,0.260826425527279
"high3044",28,0.291627383631446
"high3045",28,0.291627383631446
"high3046",49,0.231331621335453
"high3047",46,0.197006069193618
"high3048",54,-0.2502917
"high3049",26,0.216588097389286
"high305",12,-3.159
"high3050",54,-0.2502917
"high3051",51,0.146353197214364
"high3052",48,0.220975439343995
"high3053",50,0.251199875828373
"high3054",52,0.197006069193618
"high3055",26,0.216588097389286
"high3056",27,0.260826425527279
"high3057",45,0.146353197214364
"high3058",49,0.231331621335453
"high3059",54,-0.2502917
"high306",6,-1.1039
"high3060",46,0.197006069193618
"high3061",54,-0.2502917
"high3062",54,-0.2502917
"high3063",54,-0.2502917
"high3064",27,0.260826425527279
"high3065",49,0.231331621335453
"high3066",55,0.687319715863923
"high3067",26,0.216588097389286
"high3068",54,-0.2502917
"high3069",27,0.260826425527279
"high307",11,10.77
"high3070",56,-0.280333082581458
"high3071",47,0.17121050152692
"high3072",46,0.197006069193618
"high3073",52,0.197006069193618
"high3074",45,0.146353197214364
"high3075",25,-0.279808785174019
"high3076",25,-0.279808785174019
"high3077",53,0.17121050152692
"high3078",53,0.17121050152692
"high3079",49,0.231331621335453
"high308",7,0
"high3080",55,0.687319715863923
"high3081",55,0.687319715863923
"high3082",47,0.17121050152692
"high3083",28,0.291627383631446
"high3084",27,0.260826425527279
"high3085",54,-0.2502917
"high3086",47,0.17121050152692
"high3087",25,-0.279808785174019
"high3088",53,0.17121050152692
"high3089",28,0.291627383631446
"high309",12,-3.159
"high3090",50,0.251199875828373
"high3091",50,0.251199875828373
"high3092",50,0.251199875828373
"high3093",48,0.220975439343995
"high3094",49,0.231331621335453
"high3095",49,0.231331621335453
"high3096",49,0.231331621335453
"high3097",25,-0.279808785174019
"high3098",46,0.197006069193618
"high3099",47,0.17121050152692
"high31",5,-0.3429
"high310",10,9.134
"high3100",45,0.146353197214364
"high3101",45,0.146353197214364
"high3102",46,0.197006069193618
"high3103",55,0.687319715863923
"high3104",54,-0.2502917
"high3105",54,-0.2502917
"high3106",47,0.17121050152692
"high3107",51,0.146353197214364
"high3108",53,0.17121050152692
"high3109",55,0.687319715863923
"high311",12,-3.159
"high3110",55,0.687319715863923
"high3111",47,0.17121050152692
"high3112",52,0.197006069193618
"high3113",52,0.197006069193618
"high3114",46,0.197006069193618
"high3115",51,0.146353197214364
"high3116",47,0.17121050152692
"high3117",49,0.231331621335453
"high3118",54,-0.2502917
"high3119",25,-0.279808785174019
"high312",4,2.1
"high3120",49,0.231331621335453
"high3121",49,0.231331621335453
"high3122",48,0.220975439343995
"high3123",47,0.17121050152692
"high3124",50,0.251199875828373
"high3125",49,0.231331621335453
"high3126",50,0.251199875828373
"high3127",50,0.251199875828373
"high3128",54,-0.2502917
"high3129",49,0.231331621335453
"high313",12,-3.159
"high3130",51,0.146353197214364
"high3131",53,0.17121050152692
"high3132",55,0.687319715863923
"high3133",53,0.17121050152692
"high3134",28,0.291627383631446
"high3135",51,0.146353197214364
"high3136",47,0.17121050152692
"high3137",48,0.220975439343995
"high3138",46,0.197006069193618
"high3139",48,0.220975439343995
"high314",4,2.1
"high3140",51,0.146353197214364
"high3141",49,0.231331621335453
"high3142",49,0.231331621335453
"high3143",49,0.231331621335453
"high3144",27,0.260826425527279
"high3145",27,0.260826425527279
"high3146",50,0.251199875828373
"high3147",55,0.687319715863923
"high3148",48,0.220975439343995
"high3149",56,-0.280333082581458
"high315",15,-0.16058
"high3150",26,0.216588097389286
"high3151",48,0.220975439343995
"high3152",53,0.17121050152692
"high3153",54,-0.2502917
"high3154",45,0.146353197214364
"high3155",56,-0.280333082581458
"high3156",45,0.146353197214364
"high3157",25,-0.279808785174019
"high3158",28,0.291627383631446
"high3159",47,0.17121050152692
"high316",2,0.8
"high3160",25,-0.279808785174019
"high3161",25,-0.279808785174019
"high3162",26,0.216588097389286
"high3163",50,0.251199875828373
"high3164",52,0.197006069193618
"high3165",53,0.17121050152692
"high3166",26,0.216588097389286
"high3167",26,0.216588097389286
"high3168",51,0.146353197214364
"high3169",49,0.231331621335453
"high317",11,10.77
"high3170",46,0.197006069193618
"high3171",48,0.220975439343995
"high3172",48,0.220975439343995
"high3173",51,0.146353197214364
"high3174",27,0.260826425527279
"high3175",52,0.197006069193618
"high3176",47,0.17121050152692
"high3177",27,0.260826425527279
"high3178",45,0.146353197214364
"high3179",27,0.260826425527279
"high318",6,-1.1039
"high3180",55,0.687319715863923
"high3181",46,0.197006069193618
"high3182",56,-0.280333082581458
"high3183",52,0.197006069193618
"high3184",56,-0.280333082581458
"high3185",54,-0.2502917
"high3186",56,-0.280333082581458
"high3187",54,-0.2502917
"high3188",47,0.17121050152692
"high3189",47,0.17121050152692
"high319",8,-1.432
"high3190",55,0.687319715863923
"high3191",52,0.197006069193618
"high3192",52,0.197006069193618
"high3193",55,0.687319715863923
"high3194",55,0.687319715863923
"high3195",28,0.291627383631446
"high3196",54,-0.2502917
"high3197",56,-0.280333082581458
"high3198",51,0.146353197214364
"high3199",52,0.197006069193618
"high32",13,-0.8486
"high320",15,-0.16058
"high3200",54,-0.2502917
"high321",3,-0.800000000000001
"high322",13,-0.8486
"high323",14,61.11
"high324",4,2.1
"high325",16,1
"high326",7,0
"high327",3,-0.800000000000001
"high328",9,12.62
"high329",15,-0.16058
"high33",13,-0.8486
"high330",6,-1.1039
"high331",11,10.77
"high332",1,0.2
"high333",4,2.1
"high334",1,0.2
"high335",7,0
"high336",15,-0.16058
"high337",11,10.77
"high338",11,10.77
"high339",7,0
"high34",1,0.2
"high340",1,0.2
"high341",1,0.2
"high342",15,-0.16058
"high343",10,9.134
"high344",12,-3.159
"high345",16,1
"high346",6,-1.1039
"high347",11,10.77
"high348",12,-3.159
"high349",7,0
"high35",8,-1.432
"high350",4,2.1
"high351",3,-0.800000000000001
"high352",12,-3.159
"high353",4,2.1
"high354",16,1
"high355",13,-0.8486
"high356",6,-1.1039
"high357",6,-1.1039
"high358",4,2.1
"high359",11,10.77
"high36",1,0.2
"high360",8,-1.432
"high361",16,1
"high362",11,10.77
"high363",4,2.1
"high364",9,12.62
"high365",5,-0.3429
"high366",1,0.2
"high367",6,-1.1039
"high368",13,-0.8486
"high369",16,1
"high37",6,-1.1039
"high370",10,9.134
"high371",6,-1.1039
"high372",13,-0.8486
"high373",13,-0.8486
"high374",2,0.8
"high375",1,0.2
"high376",4,2.1
"high377",2,0.8
"high378",3,-0.800000000000001
"high379",14,61.11
"high38",12,-3.159
"high380",12,-3.159
"high381",12,-3.159
"high382",1,0.2
"high383",8,-1.432
"high384",13,-0.8486
"high385",13,-0.8486
"high386",14,61.11
"high387",7,0
"high388",12,-3.159
"high389",9,12.62
"high39",14,61.11
"high390",2,0.8
"high391",12,-3.159
"high392",8,-1.432
"high393",16,1
"high394",3,-0.800000000000001
"high395",1,0.2
"high396",8,-1.432
"high397",6,-1.1039
"high398",5,-0.3429
"high399",5,-0.3429
"high4",2,0.8
"high40",6,-1.1039
"high400",11,10.77
"high401",9,12.62
"high402",1,0.2
"high403",10,9.134
"high404",1,0.2
"high405",16,1
"high406",2,0.8
"high407",1,0.2
"high408",3,-0.800000000000001
"high409",15,-0.16058
"high41",5,-0.3429
"high410",11,10.77
"high411",11,10.77
"high412",14,61.11
"high413",8,-1.432
"high414",9,12.62
"high415",9,12.62
"high416",12,-3.159
"high417",7,0
"high418",8,-1.432
"high419",3,-0.800000000000001
"high42",2,0.8
"high420",14,61.11
"high421",13,-0.8486
"high422",4,2.1
"high423",8,-1.432
"high424",1,0.2
"high425",11,10.77
"high426",1,0.2
"high427",7,0
"high428",5,-0.3429
"high429",6,-1.1039
"high43",16,1
"high430",12,-3.159
"high431",1,0.2
"high432",2,0.8
"high433",4,2.1
"high434",12,-3.159
"high435",1,0.2
"high436",3,-0.800000000000001
"high437",11,10.77
"high438",4,2.1
"high439",9,12.62
"high44",3,-0.800000000000001
"high440",14,61.11
"high441",7,0
"high442",2,0.8
"high443",11,10.77
"high444",4,2.1
"high445",3,-0.800000000000001
"high446",1,0.2
"high447",3,-0.800000000000001
"high448",10,9.134
"high449",14,61.11
"high45",8,-1.432
"high450",16,1
"high451",4,2.1
"high452",15,-0.16058
"high453",15,-0.16058
"high454",2,0.8
"high455",10,9.134
"high456",8,-1.432
"high457",15,-0.16058
"high458",9,12.62
"high459",10,9.134
"high46",2,0.8
"high460",13,-0.8486
"high461",7,0
"high462",16,1
"high463",16,1
"high464",15,-0.16058
"high465",11,10.77
"high466",8,-1.432
"high467",2,0.8
"high468",15,-0.16058
"high469",11,10.77
"high47",15,-0.16058
"high470",10,9.134
"high471",10,9.134
"high472",15,-0.16058
"high473",3,-0.800000000000001
"high474",11,10.77
"high475",7,0
"high476",16,1
"high477",7,0
"high478",8,-1.432
"high479",10,9.134
"high48",1,0.2
"high480",9,12.62
"high481",15,-0.16058
"high482",15,-0.16058
"high483",2,0.8
"high484",5,-0.3429
"high485",11,10.77
"high486",13,-0.8486
"high487",1,0.2
"high488",3,-0.800000000000001
"high489",3,-0.800000000000001
"high49",16,1
"high490",9,12.62
"high491",2,0.8
"high492",6,-1.1039
"high493",4,2.1
"high494",5,-0.3429
"high495",3,-0.800000000000001
"high496",15,-0.16058
"high497",8,-1.432
"high498",6,-1.1039
"high499",5,-0.3429
"high5",10,9.134
"high50",1,0.2
"high500",7,0
"high501",10,9.134
"high502",5,-0.3429
"high503",9,12.62
"high504",13,-0.8486
"high505",11,10.77
"high506",13,-0.8486
"high507",8,-1.432
"high508",6,-1.1039
"high509",5,-0.3429
"high51",13,-0.8486
"high510",7,0
"high511",12,-3.159
"high512",8,-1.432
"high513",12,-3.159
"high514",5,-0.3429
"high515",11,10.77
"high516",12,-3.159
"high517",11,10.77
"high518",15,-0.16058
"high519",11,10.77
"high52",4,2.1
"high520",1,0.2
"high521",1,0.2
"high522",4,2.1
"high523",3,-0.800000000000001
"high524",2,0.8
"high525",6,-1.1039
"high526",14,61.11
"high527",5,-0.3429
"high528",5,-0.3429
"high529",3,-0.800000000000001
"high53",3,-0.800000000000001
"high530",6,-1.1039
"high531",15,-0.16058
"high532",3,-0.800000000000001
"high533",10,9.134
"high534",13,-0.8486
"high535",8,-1.432
"high536",5,-0.3429
"high537",4,2.1
"high538",7,0
"high539",16,1
"high54",15,-0.16058
"high540",5,-0.3429
"high541",7,0
"high542",4,2.1
"high543",4,2.1
"high544",3,-0.800000000000001
"high545",6,-1.1039
"high546",4,2.1
"high547",1,0.2
"high548",10,9.134
"high549",15,-0.16058
"high55",7,0
"high550",13,-0.8486
"high551",14,61.11
"high552",1,0.2
"high553",4,2.1
"high554",2,0.8
"high555",12,-3.159
"high556",5,-0.3429
"high557",14,61.11
"high558",3,-0.800000000000001
"high559",1,0.2
"high56",3,-0.800000000000001
"high560",3,-0.800000000000001
"high561",6,-1.1039
"high562",10,9.134
"high563",6,-1.1039
"high564",9,12.62
"high565",9,12.62
"high566",13,-0.8486
"high567",14,61.11
"high568",2,0.8
"high569",13,-0.8486
"high57",13,-0.8486
"high570",5,-0.3429
"high571",14,61.11
"high572",7,0
"high573",10,9.134
"high574",12,-3.159
"high575",16,1
"high576",3,-0.800000000000001
"high577",10,9.134
"high578",4,2.1
"high579",5,-0.3429
"high58",3,-0.800000000000001
"high580",16,1
"high581",11,10.77
"high582",9,12.62
"high583",5,-0.3429
"high584",4,2.1
"high585",10,9.134
"high586",1,0.2
"high587",7,0
"high588",5,-0.3429
"high589",3,-0.800000000000001
"high59",8,-1.432
"high590",12,-3.159
"high591",1,0.2
"high592",6,-1.1039
"high593",1,0.2
"high594",6,-1.1039
"high595",2,0.8
"high596",2,0.8
"high597",1,0.2
"high598",12,-3.159
"high599",5,-0.3429
"high6",15,-0.16058
"high60",8,-1.432
"high600",6,-1.1039
"high601",2,0.8
"high602",11,10.77
"high603",13,-0.8486
"high604",11,10.77
"high605",11,10.77
"high606",16,1
"high607",2,0.8
"high608",7,0
"high609",4,2.1
"high61",12,-3.159
"high610",8,-1.432
"high611",12,-3.159
"high612",15,-0.16058
"high613",2,0.8
"high614",11,10.77
"high615",15,-0.16058
"high616",8,-1.432
"high617",8,-1.432
"high618",13,-0.8486
"high619",14,61.11
"high62",12,-3.159
"high620",5,-0.3429
"high621",2,0.8
"high622",11,10.77
"high623",7,0
"high624",2,0.8
"high625",4,2.1
"high626",3,-0.800000000000001
"high627",2,0.8
"high628",5,-0.3429
"high629",10,9.134
"high63",13,-0.8486
"high630",12,-3.159
"high631",7,0
"high632",9,12.62
"high633",1,0.2
"high634",3,-0.800000000000001
"high635",14,61.11
"high636",7,0
"high637",1,0.2
"high638",12,-3.159
"high639",11,10.77
"high64",10,9.134
"high640",8,-1.432
"high641",13,-0.8486
"high642",16,1
"high643",11,10.77
"high644",11,10.77
"high645",6,-1.1039
"high646",9,12.62
"high647",8,-1.432
"high648",4,2.1
"high649",5,-0.3429
"high65",8,-1.432
"high650",9,12.62
"high651",2,0.8
"high652",10,9.134
"high653",7,0
"high654",6,-1.1039
"high655",10,9.134
"high656",2,0.8
"high657",4,2.1
"high658",6,-1.1039
"high659",10,9.134
"high66",5,-0.3429
"high660",5,-0.3429
"high661",12,-3.159
"high662",11,10.77
"high663",14,61.11
"high664",12,-3.159
"high665",9,12.62
"high666",7,0
"high667",2,0.8
"high668",16,1
"high669",12,-3.159
"high67",8,-1.432
"high670",15,-0.16058
"high671",12,-3.159
"high672",4,2.1
"high673",1,0.2
"high674",16,1
"high675",11,10.77
"high676",10,9.134
"high677",15,-0.16058
"high678",2,0.8
"high679",10,9.134
"high68",4,2.1
"high680",14,61.11
"high681",11,10.77
"high682",15,-0.16058
"high683",2,0.8
"high684",7,0
"high685",1,0.2
"high686",4,2.1
"high687",15,-0.16058
"high688",7,0
"high689",13,-0.8486
"high69",7,0
"high690",1,0.2
"high691",15,-0.16058
"high692",9,12.62
"high693",12,-3.159
"high694",2,0.8
"high695",15,-0.16058
"high696",8,-1.432
"high697",3,-0.800000000000001
"high698",5,-0.3429
"high699",10,9.134
"high7",8,-1.432
"high70",6,-1.1039
"high700",11,10.77
"high701",14,61.11
"high702",5,-0.3429
"high703",6,-1.1039
"high704",1,0.2
"high705",14,61.11
"high706",7,0
"high707",16,1
"high708",11,10.77
"high709",14,61.11
"high71",6,-1.1039
"high710",2,0.8
"high711",9,12.62
"high712",5,-0.3429
"high713",7,0
"high714",14,61.11
"high715",10,9.134
"high716",5,-0.3429
"high717",8,-1.432
"high718",16,1
"high719",16,1
"high72",9,12.62
"high720",11,10.77
"high721",8,-1.432
"high722",7,0
"high723",1,0.2
"high724",11,10.77
"high725",10,9.134
"high726",4,2.1
"high727",3,-0.800000000000001
"high728",4,2.1
"high729",14,61.11
"high73",14,61.11
"high730",9,12.62
"high731",4,2.1
"high732",3,-0.800000000000001
"high733",15,-0.16058
"high734",14,61.11
"high735",2,0.8
"high736",2,0.8
"high737",16,1
"high738",4,2.1
"high739",15,-0.16058
"high74",9,12.62
"high740",8,-1.432
"high741",1,0.2
"high742",7,0
"high743",13,-0.8486
"high744",3,-0.800000000000001
"high745",14,61.11
"high746",13,-0.8486
"high747",12,-3.159
"high748",5,-0.3429
"high749",1,0.2
"high75",1,0.2
"high750",5,-0.3429
"high751",15,-0.16058
"high752",15,-0.16058
"high753",9,12.62
"high754",11,10.77
"high755",1,0.2
"high756",4,2.1
"high757",8,-1.432
"high758",2,0.8
"high759",4,2.1
"high76",15,-0.16058
"high760",7,0
"high761",7,0
"high762",14,61.11
"high763",2,0.8
"high764",4,2.1
"high765",13,-0.8486
"high766",3,-0.800000000000001
"high767",9,12.62
"high768",3,-0.800000000000001
"high769",1,0.2
"high77",12,-3.159
"high770",16,1
"high771",3,-0.800000000000001
"high772",8,-1.432
"high773",9,12.62
"high774",15,-0.16058
"high775",14,61.11
"high776",7,0
"high777",13,-0.8486
"high778",7,0
"high779",9,12.62
"high78",11,10.77
"high780",4,2.1
"high781",16,1
"high782",6,-1.1039
"high783",14,61.11
"high784",2,0.8
"high785",15,-0.16058
"high786",16,1
"high787",14,61.11
"high788",3,-0.800000000000001
"high789",6,-1.1039
"high79",6,-1.1039
"high790",3,-0.800000000000001
"high791",13,-0.8486
"high792",11,10.77
"high793",8,-1.432
"high794",16,1
"high795",5,-0.3429
"high796",9,12.62
"high797",16,1
"high798",3,-0.800000000000001
"high799",3,-0.800000000000001
"high8",1,0.2
"high80",9,12.62
"high800",1,0.2
"high801",5,-0.3429
"high802",7,0
"high803",3,-0.800000000000001
"high804",11,10.77
"high805",9,12.62
"high806",11,10.77
"high807",12,-3.159
"high808",14,61.11
"high809",9,12.62
"high81",15,-0.16058
"high810",12,-3.159
"high811",16,1
"high812",2,0.8
"high813",10,9.134
"high814",10,9.134
"high815",1,0.2
"high816",12,-3.159
"high817",8,-1.432
"high818",5,-0.3429
"high819",10,9.134
"high82",8,-1.432
"high820",5,-0.3429
"high821",5,-0.3429
"high822",2,0.8
"high823",7,0
"high824",14,61.11
"high825",11,10.77
"high826",12,-3.159
"high827",16,1
"high828",10,9.134
"high829",16,1
"high83",6,-1.1039
"high830",16,1
"high831",6,-1.1039
"high832",3,-0.800000000000001
"high833",2,0.8
"high834",5,-0.3429
"high835",2,0.8
"high836",10,9.134
"high837",8,-1.432
"high838",9,12.62
"high839",13,-0.8486
"high84",2,0.8
"high840",9,12.62
"high841",10,9.134
"high842",11,10.77
"high843",14,61.11
"high844",13,-0.8486
"high845",7,0
"high846",15,-0.16058
"high847",5,-0.3429
"high848",8,-1.432
"high849",5,-0.3429
"high85",16,1
"high850",7,0
"high851",8,-1.432
"high852",7,0
"high853",3,-0.800000000000001
"high854",14,61.11
"high855",2,0.8
"high856",4,2.1
"high857",2,0.8
"high858",16,1
"high859",6,-1.1039
"high86",13,-0.8486
"high860",3,-0.800000000000001
"high861",14,61.11
"high862",13,-0.8486
"high863",14,61.11
"high864",2,0.8
"high865",2,0.8
"high866",7,0
"high867",6,-1.1039
"high868",16,1
"high869",5,-0.3429
"high87",4,2.1
"high870",12,-3.159
"high871",2,0.8
"high872",15,-0.16058
"high873",12,-3.159
"high874",15,-0.16058
"high875",6,-1.1039
"high876",12,-3.159
"high877",5,-0.3429
"high878",14,61.11
"high879",5,-0.3429
"high88",10,9.134
"high880",5,-0.3429
"high881",14,61.11
"high882",3,-0.800000000000001
"high883",16,1
"high884",16,1
"high885",14,61.11
"high886",4,2.1
"high887",5,-0.3429
"high888",5,-0.3429
"high889",4,2.1
"high89",14,61.11
"high890",9,12.62
"high891",13,-0.8486
"high892",3,-0.800000000000001
"high893",9,12.62
"high894",6,-1.1039
"high895",12,-3.159
"high896",14,61.11
"high897",16,1
"high898",14,61.11
"high899",13,-0.8486
"high9",2,0.8
"high90",14,61.11
"high900",14,61.11
"high901",12,-3.159
"high902",4,2.1
"high903",6,-1.1039
"high904",9,12.62
"high905",15,-0.16058
"high906",6,-1.1039
"high907",6,-1.1039
"high908",10,9.134
"high909",8,-1.432
"high91",5,-0.3429
"high910",6,-1.1039
"high911",16,1
"high912",16,1
"high913",1,0.2
"high914",11,10.77
"high915",8,-1.432
"high916",7,0
"high917",12,-3.159
"high918",9,12.62
"high919",10,9.134
"high92",9,12.62
"high920",4,2.1
"high921",5,-0.3429
"high922",6,-1.1039
"high923",9,12.62
"high924",2,0.8
"high925",15,-0.16058
"high926",8,-1.432
"high927",16,1
"high928",4,2.1
"high929",3,-0.800000000000001
"high93",6,-1.1039
"high930",12,-3.159
"high931",8,-1.432
"high932",4,2.1
"high933",6,-1.1039
"high934",10,9.134
"high935",12,-3.159
"high936",10,9.134
"high937",1,0.2
"high938",15,-0.16058
"high939",16,1
"high94",8,-1.432
"high940",12,-3.159
"high941",8,-1.432
"high942",13,-0.8486
"high943",7,0
"high944",4,2.1
"high945",14,61.11
"high946",15,-0.16058
"high947",5,-0.3429
"high948",6,-1.1039
"high949",16,1
"high95",13,-0.8486
"high950",10,9.134
"high951",13,-0.8486
"high952",6,-1.1039
"high953",11,10.77
"high954",12,-3.159
"high955",15,-0.16058
"high956",13,-0.8486
"high957",3,-0.800000000000001
"high958",9,12.62
"high959",4,2.1
"high96",5,-0.3429
"high960",8,-1.432
"high961",13,-0.8486
"high962",9,12.62
"high963",13,-0.8486
"high964",16,1
"high965",16,1
"high966",7,0
"high967",4,2.1
"high968",4,2.1
"high969",13,-0.8486
"high97",13,-0.8486
"high970",11,10.77
"high971",6,-1.1039
"high972",1,0.2
"high973",11,10.77
"high974",15,-0.16058
"high975",5,-0.3429
"high976",13,-0.8486
"high977",11,10.77
"high978",8,-1.432
"high979",5,-0.3429
"high98",14,61.11
"high980",6,-1.1039
"high981",6,-1.1039
"high982",6,-1.1039
"high983",9,12.62
"high984",8,-1.432
"high985",3,-0.800000000000001
"high986",4,2.1
"high987",4,2.1
"high988",15,-0.16058
"high989",6,-1.1039
"high99",14,61.11
"high990",3,-0.800000000000001
"high991",4,2.1
"high992",8,-1.432
"high993",2,0.8
"high994",10,9.134
"high995",16,1
"high996",11,10.77
"high997",8,-1.432
"high998",12,-3.159
"high999",15,-0.16058
